Workbook

Sheet 說明
A1: 活動六:估計線性迴歸模型 — 計算工作檔
A3: 課程 | B3: 231708 Foundation Studio｜單元二:商業統計與線性回歸
A4: 資料來源 | B4: Regression example data.xlsx(Canvas 活動六提供,N = 1528)
A5: 分析目的 | B5: 檢驗男性與女性在生活滿意度上是否存在統計顯著差異
A6: 說明 | B6: 所有統計量皆以 Excel 公式即時計算,數值會隨資料變動自動更新。
A8: 資料字典 | C8: 工作表導覽
A9: life_sat | B9: 生活滿意度(1–5,數值越高越滿意) | C9: 資料 | D9: 原始 1528 筆觀測值 + 男女分組輔助欄
A10: age | B10: 年齡(歲) | C10: 步驟2_t檢定 | D10: 男女平均數與雙樣本 t 檢定
A11: male | B11: 男性虛擬變數(1 = 男性,0 = 女性) | C11: 步驟3_簡單迴歸 | D11: life_sat ~ male 簡單線性迴歸
A12: dep_children | B12: 受撫養子女數 | C12: 步驟4_p值比較 | D12: 比較步驟2與步驟3的 p 值
A13: employed | B13: 是否就業(1 = 是,0 = 否) | C13: 步驟5_多元迴歸 | D13: 加入控制變數的多元迴歸
A14: city | B14: 是否居住於城市(1 = 是,0 = 否)
A15: couple | B15: 是否有伴侶(1 = 是,0 = 否)

Sheet 資料
A1: life_sat | B1: age | C1: male | D1: dep_children | E1: employed | F1: city | G1: couple | H1: life_sat(男) | I1: life_sat(女)
A2: 5 | B2: 49 | C2: 0 | D2: 2 | E2: 1 | F2: 1 | G2: 0 | H2: =IF(C2=1,A2,"") | I2: =IF(C2=0,A2,"") -> 5
A3: 3 | B3: 35 | C3: 0 | D3: 0 | E3: 1 | F3: 1 | G3: 0 | H3: =IF(C3=1,A3,"") | I3: =IF(C3=0,A3,"") -> 3
A4: 3 | B4: 45 | C4: 1 | D4: 0 | E4: 0 | F4: 1 | G4: 0 | H4: =IF(C4=1,A4,"") -> 3 | I4: =IF(C4=0,A4,"")
A5: 4 | B5: 44 | C5: 0 | D5: 1 | E5: 0 | F5: 1 | G5: 0 | H5: =IF(C5=1,A5,"") | I5: =IF(C5=0,A5,"") -> 4
A6: 4 | B6: 40 | C6: 0 | D6: 2 | E6: 1 | F6: 1 | G6: 1 | H6: =IF(C6=1,A6,"") | I6: =IF(C6=0,A6,"") -> 4
A7: 4 | B7: 60 | C7: 0 | D7: 0 | E7: 0 | F7: 1 | G7: 0 | H7: =IF(C7=1,A7,"") | I7: =IF(C7=0,A7,"") -> 4
A8: 5 | B8: 62 | C8: 1 | D8: 1 | E8: 0 | F8: 1 | G8: 1 | H8: =IF(C8=1,A8,"") -> 5 | I8: =IF(C8=0,A8,"")
A9: 4 | B9: 31 | C9: 0 | D9: 0 | E9: 1 | F9: 1 | G9: 1 | H9: =IF(C9=1,A9,"") | I9: =IF(C9=0,A9,"") -> 4
A10: 2 | B10: 43 | C10: 0 | D10: 0 | E10: 1 | F10: 1 | G10: 1 | H10: =IF(C10=1,A10,"") | I10: =IF(C10=0,A10,"") -> 2
A11: 2 | B11: 32 | C11: 1 | D11: 0 | E11: 1 | F11: 1 | G11: 0 | H11: =IF(C11=1,A11,"") -> 2 | I11: =IF(C11=0,A11,"")
A12: 4 | B12: 55 | C12: 0 | D12: 2 | E12: 0 | F12: 1 | G12: 1 | H12: =IF(C12=1,A12,"") | I12: =IF(C12=0,A12,"") -> 4
A13: 4 | B13: 46 | C13: 0 | D13: 1 | E13: 0 | F13: 1 | G13: 1 | H13: =IF(C13=1,A13,"") | I13: =IF(C13=0,A13,"") -> 4
... A1529: 3 | B1529: 43 | C1529: 1 | D1529: 1 | E1529: 1 | F1529: 1 | G1529: 1 | H1529: =IF(C1529=1,A1529,"") -> 3 | I1529: =IF(C1529=0,A1529,"")

Sheet 步驟2_t檢定
A1: 步驟二:男女平均生活滿意度 + 雙樣本 t 檢定
A2: 雙尾檢定、假定兩組變異數相等、顯著水準 5%
A4: 統計量 | B4: 男性 (male=1) | C4: 女性 (male=0) | D4: Excel 公式 (男性)
A5: 樣本數 n | B5: =COUNTIF(資料!C2:C1529,1) -> 752 | C5: =COUNTIF(資料!C2:C1529,0) -> 776 | D5: COUNTIF
A6: 平均生活滿意度 | B6: =AVERAGEIF(資料!C2:C1529,1,資料!A2:A1529) -> 3.5478723 | C6: =AVERAGEIF(資料!C2:C1529,0,資料!A2:A1529) -> 3.6945876 | D6: AVERAGEIF
A7: 標準差 s | B7: =STDEV(資料!H2:H1529) -> 0.98745567 | C7: =STDEV(資料!I2:I1529) -> 0.93988144 | D7: STDEV(分組輔助欄)
A8: 變異數 s² | B8: =B7^2 -> 0.9750687 | C8: =C7^2 -> 0.88337712 | D8: s²
A10: t 檢定計算 | C10: 值 | D10: 公式 / 說明
A11: 均值差 (男 − 女) | C11: =B6-C6 -> -0.14671529 | D11: 男性平均 − 女性平均
A12: 合併變異數 s²p | C12: =((B5-1)*B8+(C5-1)*C8)/(B5+C5-2) -> 0.92850188 | D12: ((n₁-1)s₁²+(n₂-1)s₂²)/(n₁+n₂-2)
A13: 標準誤 SE | C13: =SQRT(C12*(1/B5+1/C5)) -> 0.049307535 | D13: √(s²p·(1/n₁+1/n₂))
A14: t 統計量 | C14: =C11/C13 -> -2.9755146 | D14: 均值差 ÷ 標準誤
A15: 自由度 df | C15: =B5+C5-2 -> 1526 | D15: n₁ + n₂ − 2
A16: p 值 (T.TEST) | C16: =TTEST(資料!H2:H1529,資料!I2:I1529,2,2) -> 0.0029709701 | D16: 雙尾、type 2(等變異)
A17: p 值 (由 t 反推,核對) | C17: =TDIST(ABS(C14),C15,2) -> 0.0029709701 | D17: 與上式應一致
A19: 結論
A20: =IF(C16<0.05,"p = "&TEXT(C16,"0.0000")&" < 0.05 → 在 5% 水準下,男女平均生活滿意度有統計顯著差異。女性平均較高。","p ≥ 0.05 → 差異不顯著。") -> p = 0.0030 < 0.05 → 在 5% 水準下,男女平均生活滿意度有統計顯著差異。女性平均較高。

Sheet 步驟3_簡單迴歸
A1: 步驟三:簡單線性迴歸 life_sat = b₀ + b₁·male
A2: 以 LINEST 即時估計;被解釋變數 life_sat,自變數 male
A4: 參數 | B4: 係數 | C4: 標準誤 | D4: t 統計量 | E4: p 值 | F4: 說明
A5: 截距 b₀ | B5: =INDEX(LINEST(資料!A2:A1529,資料!C2:C1529,TRUE(),TRUE()),1,2) -> 3.6945876 | C5: =INDEX(LINEST(資料!A2:A1529,資料!C2:C1529,TRUE(),TRUE()),2,2) -> 0.034590794 | D5: =B5/C5 -> 106.80841 | E5: =TDIST(ABS(D5),B8,2) -> 0 | F5: 女性(male=0)的預測生活滿意度
A6: male 係數 b₁ | B6: =INDEX(LINEST(資料!A2:A1529,資料!C2:C1529,TRUE(),TRUE()),1,1) -> -0.14671529 | C6: =INDEX(LINEST(資料!A2:A1529,資料!C2:C1529,TRUE(),TRUE()),2,1) -> 0.049307535 | D6: =B6/C6 -> -2.9755146 | E6: =TDIST(ABS(D6),B8,2) -> 0.0029709701 | F6: 男性相對女性的生活滿意度差異
A8: 自由度 df | B8: =INDEX(LINEST(資料!A2:A1529,資料!C2:C1529,TRUE(),TRUE()),4,2) -> 1526 | C8: R² | D8: =INDEX(LINEST(資料!A2:A1529,資料!C2:C1529,TRUE(),TRUE()),3,1) -> 0.0057684241
A10: 驗證:迴歸係數 = 兩組平均數
A11: 截距 b₀ | B11: =B5 -> 3.6945876 | C11: =步驟2_t檢定!C6 -> 3.6945876 | D11: =IF(ABS(B11-C11)<0.0001,"✓ 一致","✗") -> ✓ 一致 | E11: 應等於女性平均
A12: b₀ + b₁ | B12: =B5+B6 -> 3.5478723 | C12: =步驟2_t檢定!B6 -> 3.5478723 | D12: =IF(ABS(B12-C12)<0.0001,"✓ 一致","✗") -> ✓ 一致 | E12: 應等於男性平均
A13: male 係數 b₁ | B13: =B6 -> -0.14671529 | C13: =步驟2_t檢定!C11 -> -0.14671529 | D13: =IF(ABS(B13-C13)<0.0001,"✓ 一致","✗") -> ✓ 一致 | E13: 應等於均值差(男−女)
A15: 解讀
A16: =" male 係數 = "&TEXT(B6,"0.0000")&":男性的生活滿意度平均比女性低約 "&TEXT(ABS(B6),"0.000")&" 分(1–5 量表)。截距 "&TEXT(B5,"0.0000")&" 即女性的預測值;截距+係數 = 男性預測值。R² 僅 "&TEXT(D8,"0.000")&",顯示性別只解釋了生活滿意度極小部分的變異。" -> male 係數 = -0.1467:男性的生活滿意度平均比女性低約 0.147 分(1–5 量表)。截距 3.6946 即女性的預測值;截距+係數 = 男性預測值。R² 僅 0.006,顯示性別只解釋了生活滿意度極小部分的變異。

Sheet 步驟4_p值比較
A1: 步驟四:比較兩個 p 值
A3: 來源 | B3: p 值 | C3: 說明
A4: 步驟二:雙樣本 t 檢定 | B4: =步驟2_t檢定!C16 -> 0.0029709701 | C4: equal-variance、雙尾
A5: 步驟三:迴歸 male 係數 | B5: =步驟3_簡單迴歸!E6 -> 0.0029709701 | C5: 迴歸係數 t 檢定
A6: 差異 | B6: =ABS(B4-B5) -> 0 | C6: 兩者幾乎為 0
A8: 結論
A9: 兩個 p 值完全相同。對「連續變數」做「以單一二元虛擬變數為自變數」的簡單線性迴歸,在數學上等價於「假定等變異的雙樣本 t 檢定」——迴歸係數的 t 統計量就等於雙樣本 t 統計量,因此 p 值一致。迴歸是 t 檢定的推廣形式。

Sheet 步驟5_多元迴歸
A1: 步驟五:多元迴歸(加入控制變數)
A2: life_sat = b₀ + b₁·male + b₂·age + b₃·dep_children + b₄·employed + b₅·city + b₆·couple
A4: 變數 | B4: 係數 | C4: 標準誤 | D4: t 統計量 | E4: p 值 | F4: 5% 顯著? | G4: 說明
A5: 截距 b₀ | B5: =INDEX(LINEST(資料!A2:A1529,資料!B2:G1529,TRUE(),TRUE()),1,7) -> 2.9542982 | C5: =INDEX(LINEST(資料!A2:A1529,資料!B2:G1529,TRUE(),TRUE()),2,7) -> 0.1269383 | D5: =B5/C5 -> 23.273497 | E5: =TDIST(ABS(D5),$B$14,2) -> 9.7295774e-103 | F5: =IF(E5<0.05,"是","否") -> 是 | G5: 基準組的預測生活滿意度
A6: male | B6: =INDEX(LINEST(資料!A2:A1529,資料!B2:G1529,TRUE(),TRUE()),1,5) -> -0.12412715 | C6: =INDEX(LINEST(資料!A2:A1529,資料!B2:G1529,TRUE(),TRUE()),2,5) -> 0.047409584 | D6: =B6/C6 -> -2.6181869 | E6: =TDIST(ABS(D6),$B$14,2) -> 0.0089275936 | F6: =IF(E6<0.05,"是","否") -> 是 | G6: 控制其他變數後的男女差距
A7: age | B7: =INDEX(LINEST(資料!A2:A1529,資料!B2:G1529,TRUE(),TRUE()),1,6) -> 0.0038397141 | C7: =INDEX(LINEST(資料!A2:A1529,資料!B2:G1529,TRUE(),TRUE()),2,6) -> 0.0022103993 | D7: =B7/C7 -> 1.7371133 | E7: =TDIST(ABS(D7),$B$14,2) -> 0.082569606 | F7: =IF(E7<0.05,"是","否") -> 否 | G7: 年齡每增加 1 歲的影響
A8: dep_children | B8: =INDEX(LINEST(資料!A2:A1529,資料!B2:G1529,TRUE(),TRUE()),1,4) -> 0.010783878 | C8: =INDEX(LINEST(資料!A2:A1529,資料!B2:G1529,TRUE(),TRUE()),2,4) -> 0.024716538 | D8: =B8/C8 -> 0.43630213 | E8: =TDIST(ABS(D8),$B$14,2) -> 0.66267946 | F8: =IF(E8<0.05,"是","否") -> 否 | G8: 每多 1 名受撫養子女的影響
A9: employed | B9: =INDEX(LINEST(資料!A2:A1529,資料!B2:G1529,TRUE(),TRUE()),1,3) -> 0.27049412 | C9: =INDEX(LINEST(資料!A2:A1529,資料!B2:G1529,TRUE(),TRUE()),2,3) -> 0.050825468 | D9: =B9/C9 -> 5.3220192 | E9: =TDIST(ABS(D9),$B$14,2) -> 1.179657e-07 | F9: =IF(E9<0.05,"是","否") -> 是 | G9: 就業 vs 未就業
A10: city | B10: =INDEX(LINEST(資料!A2:A1529,資料!B2:G1529,TRUE(),TRUE()),1,2) -> 0.079618596 | C10: =INDEX(LINEST(資料!A2:A1529,資料!B2:G1529,TRUE(),TRUE()),2,2) -> 0.050450613 | D10: =B10/C10 -> 1.5781492 | E10: =TDIST(ABS(D10),$B$14,2) -> 0.11473927 | F10: =IF(E10<0.05,"是","否") -> 否 | G10: 居住城市 vs 非城市
A11: couple | B11: =INDEX(LINEST(資料!A2:A1529,資料!B2:G1529,TRUE(),TRUE()),1,1) -> 0.52778552 | C11: =INDEX(LINEST(資料!A2:A1529,資料!B2:G1529,TRUE(),TRUE()),2,1) -> 0.051373986 | D11: =B11/C11 -> 10.2734 | E11: =TDIST(ABS(D11),$B$14,2) -> 5.5280698e-24 | F11: =IF(E11<0.05,"是","否") -> 是 | G11: 有伴侶 vs 無伴侶
A13: R² | B13: =INDEX(LINEST(資料!A2:A1529,資料!B2:G1529,TRUE(),TRUE()),3,1) -> 0.10403957 | C13: 調整後 R² | D13: =1-(1-B13)*(1528-1)/B14 -> 0.10050521
A14: 自由度 df | B14: =INDEX(LINEST(資料!A2:A1529,資料!B2:G1529,TRUE(),TRUE()),4,2) -> 1521 | C14: n − k − 1 = 1528 − 6 − 1
A16: 解讀
A17: =" 控制年齡、子女數、就業、城市、伴侶後,male 係數為 "&TEXT(B6,"0.0000")&"(p = "&TEXT(E6,"0.0000")&")。相較步驟三的 "&TEXT(步驟3_簡單迴歸!B6,"0.0000")&",差距僅略微縮小且仍在 5% 水準顯著——男女生活滿意度差距並非由這些可觀察特徵造成。employed 與 couple 是最強的正向預測因子。" -> 控制年齡、子女數、就業、城市、伴侶後,male 係數為 -0.1241(p = 0.0089)。相較步驟三的 -0.1467,差距僅略微縮小且仍在 5% 水準顯著——男女生活滿意度差距並非由這些可觀察特徵造成。employed 與 couple 是最強的正向預測因子。
