Workbook
Name B82C81: Export_Statistical!$B$82

Sheet Export-dataset
A1: Export | B1: 0 Food and live animals ; | C1: 00 Live animals (excl. fish (not marine mammals) crustaceans, molluscs and aquatic invertebrates of SITC Division 03) ; | D1: 01 Meat and meat preparations ; | E1: 02 Dairy products and birds’ eggs ; | F1: 03 Fish (excl. marine mammals) crustaceans, molluscs and aquatic invertebrates, and preparations thereof (excl. extracts and juices of fish, crustaceans, molluscs or other aquatic invertebrates, prepared or preserved of SITC 01710) ; | G1: 04 Cereals and cereal preparations ; | H1: 05 Vegetables and fruit ; | I1: 06 Sugars, sugar preparations and honey ; | J1: 07 Coffee, tea, cocoa, spices, and manufactures thereof ; | K1: 08 Feeding stuff for animals (excl. unmilled cereals) ; | L1: 09 Miscellaneous edible products and preparations ; | M1: 1 Beverages and tobacco ; | N1: 11 Beverages ; | O1: 12 Tobacco and tobacco manufactures ; | P1: 2 Crude materials, inedible, except fuels ; | Q1: 21 Hides, skins and furskins, raw ; | R1: 22 Oil-seeds and oleaginous fruits ; | S1: 23 Crude rubber (incl. synthetic and reclaimed) ; | T1: 24 Cork and wood ; | U1: 25 Pulp and waste paper ; | V1: 26 Textile fibres (excl. wool tops and other combed wool) and their wastes, not manufactured into yarn or fabric ; | W1: 27 Crude fertilizers (excl. those of Division 56) and crude minerals (excl. coal, petroleum and precious stones) ; | X1: 28 Metalliferous ores and metal scrap ; | Y1: 29 Crude animal and vegetable materials, nes ; | Z1: 3 Mineral fuels, lubricants and related materials ; | AA1: 31 Coal, coke and briquettes ; | AB1: 32 Petroleum, petroleum products and related materials ; | AC1: 33 Gas, natural and manufactured ; | AD1: 4 Animal and vegetable oils, fats and waxes ; | AE1: 41 Animal oils and fats ; | AF1: 42 Fixed vegetable fats and oils, crude, refined or fractionated ; | AG1: 43 Animal or vegetable fats and oils, processed; waxes of animal or vegetable origin; inedible mixtures or preparations of animal or vegetable fats or oils, nes ; | AH1: 5 Chemicals and related products, nes ; | AI1: 51 Organic chemicals ; | AJ1: 52 Inorganic chemicals ; | AK1: 53 Dyeing, tanning and colouring materials ; | AL1: 54 Medicinal and pharmaceutical products ; | AM1: 55 Essential oils and resinoids and perfume materials; toilet, polishing and cleansing preparations ; | AN1: 56 Fertilisers (excl. those of group 272) ; | AO1: 57 Plastics in primary forms ; | AP1: 58 Plastics in non-primary forms ; | AQ1: 59 Chemical materials and products, nes ; | AR1: 6 Manufactured goods classified chiefly by material ; | AS1: 61 Leather, leather manufactures, nes, and dressed furskins ; | AT1: 62 Rubber manufactures, nes ; | AU1: 63 Cork and wood manufactures (excl. furniture) ; | AV1: 64 Paper, paperboard and articles of paper pulp, of paper or of paperboard ; | AW1: 65 Textile yarn, fabrics, made-up articles nes, and related products ; | AX1: 66 Non-metallic mineral manufactures, nes ; | AY1: 67 Iron and steel ; | AZ1: 68 Non-ferrous metals ; | BA1: 69 Manufactures of metals, nes ; | BB1: 7 Machinery and transport equipment ; | BC1: 71 Power generating machinery and equipment ; | BD1: 72 Machinery specialized for particular industries ; | BE1: 73 Metalworking machinery ; | BF1: 74 General industrial machinery and equipment, nes, and machine parts, nes ; | BG1: 75 Office machines and automatic data processing machines ; | BH1: 76 Telecommunications and sound recording and reproducing apparatus and equipment ; | BI1: 77 Electrical machinery, apparatus and appliances, nes, and electrical parts thereof (incl. non electrical counterparts, nes, of electrical household type equipment) ; | BJ1: 78 Road vehicles (incl. air-cushion vehicles) ; | BK1: 79 Transport equipment (excl. road vehicles) ; | BL1: 8 Miscellaneous manufactured articles ; | BM1: 81 Prefabricated buildings and sanitary, plumbing, heating and lighting fixtures and fittings, nes ; | BN1: 82 Furniture and parts thereof; bedding, mattresses, mattress supports, cushions and similar stuffed furnishings ; | BO1: 83 Travel goods, handbags and similar containers ; | BP1: 84 Articles of apparel and clothing accessories ; | BQ1: 85 Footwear ; | BR1: 87 Professional, scientific and controlling instruments and apparatus, nes ; | BS1: 88 Photographic apparatus, equipment and supplies and optical goods, nes; watches and clocks ; | BT1: 89 Miscellaneous manufactured articles, nes ; | BU1: 9 Commodities and transactions not classified elsewhere in the SITC ; | BV1: 91 Special transactions and commodities not classified according to kind ; | BW1: 92 Gold coin whether or not legal tender, and other coin being legal tender ; | BX1: 93 Coin (excl. gold coin) not being legal tender ; | BY1: 94 Gold, non-monetary (excl. gold ores and concentrates) ; | BZ1: 95 Combined confidential items excluding some of SITC 28099 (exports only) and some of SITC 51099 (imports only) ; | CA1: -1 TOTAL ;
A2: Unit | B2: $ Millions | C2: $ Millions | D2: $ Millions | E2: $ Millions | F2: $ Millions | G2: $ Millions | H2: $ Millions | I2: $ Millions | J2: $ Millions | K2: $ Millions | L2: $ Millions | M2: $ Millions | N2: $ Millions | O2: $ Millions | P2: $ Millions | Q2: $ Millions | R2: $ Millions | S2: $ Millions | T2: $ Millions | U2: $ Millions | V2: $ Millions | W2: $ Millions | X2: $ Millions | Y2: $ Millions | Z2: $ Millions | AA2: $ Millions | AB2: $ Millions | AC2: $ Millions | AD2: $ Millions | AE2: $ Millions | AF2: $ Millions | AG2: $ Millions | AH2: $ Millions | AI2: $ Millions | AJ2: $ Millions | AK2: $ Millions | AL2: $ Millions | AM2: $ Millions | AN2: $ Millions | AO2: $ Millions | AP2: $ Millions | AQ2: $ Millions | AR2: $ Millions | AS2: $ Millions | AT2: $ Millions | AU2: $ Millions | AV2: $ Millions | AW2: $ Millions | AX2: $ Millions | AY2: $ Millions | AZ2: $ Millions | BA2: $ Millions | BB2: $ Millions | BC2: $ Millions | BD2: $ Millions | BE2: $ Millions | BF2: $ Millions | BG2: $ Millions | BH2: $ Millions | BI2: $ Millions | BJ2: $ Millions | BK2: $ Millions | BL2: $ Millions | BM2: $ Millions | BN2: $ Millions | BO2: $ Millions | BP2: $ Millions | BQ2: $ Millions | BR2: $ Millions | BS2: $ Millions | BT2: $ Millions | BU2: $ Millions | BV2: $ Millions | BW2: $ Millions | BX2: $ Millions | BY2: $ Millions | BZ2: $ Millions | CA2: $ Millions
A3: Series ID | B3: A1827804K | C3: A1827805L | D3: A1827806R | E3: A1827807T | F3: A1827808V | G3: A1827809W | H3: A1827810F | I3: A1827811J | J3: A1827812K | K3: A1827813L | L3: A1827814R | M3: A1827815T | N3: A1827816V | O3: A1827817W | P3: A1827818X | Q3: A1827819A | R3: A1827820K | S3: A1827821L | T3: A1827822R | U3: A1827823T | V3: A1827824V | W3: A1827825W | X3: A1827826X | Y3: A1827827A | Z3: A1827828C | AA3: A1827829F | AB3: A1827830R | AC3: A1827831T | AD3: A1827832V | AE3: A1827833W | AF3: A1827834X | AG3: A1827835A | AH3: A1827836C | AI3: A1827837F | AJ3: A1827838J | AK3: A1827839K | AL3: A1827840V | AM3: A1827841W | AN3: A1827842X | AO3: A1827843A | AP3: A1827844C | AQ3: A1827845F | AR3: A1827846J | AS3: A1827847K | AT3: A1827848L | AU3: A1827849R | AV3: A1827850X | AW3: A1827851A | AX3: A1827852C | AY3: A1827853F | AZ3: A1827854J | BA3: A1827855K | BB3: A1827856L | BC3: A1827857R | BD3: A1827858T | BE3: A1827859V | BF3: A1827860C | BG3: A1827861F | BH3: A1827862J | BI3: A1827863K | BJ3: A1827864L | BK3: A1827865R | BL3: A1827866T | BM3: A1827867V | BN3: A1827868W | BO3: A1827869X | BP3: A1827870J | BQ3: A1827871K | BR3: A1827872L | BS3: A1827873R | BT3: A1827874T | BU3: A1827875V | BV3: A1827876W | BW3: A1827877X | BX3: A1827878A | BY3: A1827879C | BZ3: A1827880L | CA3: A1827881R
A4: Y1988 | B4: 7903 | C4: 322 | D4: 2423 | E4: 529 | F4: 663 | G4: 2071 | H4: 604 | I4: 859 | J4: 68 | K4: 273 | L4: 91 | M4: 272 | N4: 250 | O4: 22 | P4: 13373 | Q4: 614 | R4: 63 | S4: 10 | T4: 439 | U4: 37 | V4: 6270 | W4: 221 | X4: 5595 | Y4: 124 | Z4: 6461 | AA4: 4636 | AB4: 1615 | AC4: 210 | AD4: 146 | AE4: 122 | AF4: 14 | AG4: 10 | AH4: 1041 | AI4: 102 | AJ4: 86 | AK4: 109 | AL4: 229 | AM4: 89 | AN4: 9 | AO4: 157 | AP4: 61 | AQ4: 199 | AR4: 5344 | AS4: 165 | AT4: 72 | AU4: 15 | AV4: 116 | AW4: 148 | AX4: 318 | AY4: 501 | AZ4: 3703 | BA4: 306 | BB4: 2744 | BC4: 366 | BD4: 336 | BE4: 39 | BF4: 322 | BG4: 406 | BH4: 142 | BI4: 280 | BJ4: 392 | BK4: 461 | BL4: 1075 | BM4: 31 | BN4: 36 | BO4: 2 | BP4: 65 | BQ4: 14 | BR4: 196 | BS4: 277 | BT4: 454 | BU4: 4006 | BV4: 156 | BW4: 196 | BX4: 1 | BY4: 2674 | BZ4: 979 | CA4: 42365
A5: Y1989 | B5: 9487 | C5: 244 | D5: 2639 | E5: 682 | F5: 646 | G5: 3205 | H5: 514 | I5: 1128 | J5: 65 | K5: 267 | L5: 97 | M5: 228 | N5: 211 | O5: 17 | P5: 14124 | Q5: 515 | R5: 44 | S5: 14 | T5: 409 | U5: 33 | V5: 5642 | W5: 206 | X5: 7128 | Y5: 133 | Z5: 7234 | AA5: 5314 | AB5: 1660 | AC5: 260 | AD5: 111 | AE5: 100 | AF5: 1 | AG5: 10 | AH5: 1174 | AI5: 90 | AJ5: 117 | AK5: 236 | AL5: 246 | AM5: 92 | AN5: 9 | AO5: 145 | AP5: 57 | AQ5: 182 | AR5: 6063 | AS5: 151 | AT5: 62 | AU5: 13 | AV5: 137 | AW5: 168 | AX5: 447 | AY5: 584 | AZ5: 4153 | BA5: 348 | BB5: 3286 | BC5: 378 | BD5: 382 | BE5: 54 | BF5: 351 | BG5: 480 | BH5: 219 | BI5: 327 | BJ5: 508 | BK5: 587 | BL5: 1257 | BM5: 28 | BN5: 35 | BO5: 3 | BP5: 88 | BQ5: 23 | BR5: 241 | BS5: 250 | BT5: 589 | BU5: 4035 | BV5: 153 | BW5: 205 | BX5: 0 | BY5: 2590 | BZ5: 1087 | CA5: 46999
A6: Y1990 | B6: 9726 | C6: 163 | D6: 3090 | E6: 676 | F6: 676 | G6: 3014 | H6: 581 | I6: 1101 | J6: 82 | K6: 238 | L6: 105 | M6: 285 | N6: 266 | O6: 19 | P6: 13461 | Q6: 528 | R6: 51 | S6: 8 | T6: 402 | U6: 21 | V6: 3939 | W6: 240 | X6: 8113 | Y6: 159 | Z6: 9596 | AA6: 6024 | AB6: 2882 | AC6: 690 | AD6: 126 | AE6: 113 | AF6: 1 | AG6: 12 | AH6: 1295 | AI6: 106 | AJ6: 175 | AK6: 221 | AL6: 293 | AM6: 105 | AN6: 12 | AO6: 136 | AP6: 76 | AQ6: 171 | AR6: 6257 | AS6: 180 | AT6: 67 | AU6: 33 | AV6: 168 | AW6: 196 | AX6: 464 | AY6: 909 | AZ6: 3833 | BA6: 407 | BB6: 4117 | BC6: 490 | BD6: 459 | BE6: 80 | BF6: 430 | BG6: 635 | BH6: 291 | BI6: 413 | BJ6: 736 | BK6: 583 | BL6: 1306 | BM6: 37 | BN6: 42 | BO6: 5 | BP6: 125 | BQ6: 22 | BR6: 252 | BS6: 241 | BT6: 582 | BU6: 4723 | BV6: 186 | BW6: 250 | BX6: 2 | BY6: 3440 | BZ6: 845 | CA6: 50892
A7: Y1991 | B7: 9311 | C7: 182 | D7: 3239 | E7: 793 | F7: 739 | G7: 2411 | H7: 651 | I7: 765 | J7: 92 | K7: 304 | L7: 135 | M7: 334 | N7: 313 | O7: 21 | P7: 13673 | Q7: 346 | R7: 59 | S7: 8 | T7: 461 | U7: 20 | V7: 4371 | W7: 290 | X7: 7955 | Y7: 163 | Z7: 10877 | AA7: 6857 | AB7: 2915 | AC7: 1105 | AD7: 136 | AE7: 117 | AF7: 1 | AG7: 18 | AH7: 1531 | AI7: 106 | AJ7: 253 | AK7: 188 | AL7: 381 | AM7: 125 | AN7: 17 | AO7: 181 | AP7: 82 | AQ7: 198 | AR7: 6484 | AS7: 187 | AT7: 67 | AU7: 50 | AV7: 209 | AW7: 218 | AX7: 556 | AY7: 1027 | AZ7: 3621 | BA7: 549 | BB7: 4862 | BC7: 566 | BD7: 523 | BE7: 79 | BF7: 511 | BG7: 808 | BH7: 317 | BI7: 542 | BJ7: 820 | BK7: 696 | BL7: 1423 | BM7: 38 | BN7: 36 | BO7: 2 | BP7: 142 | BQ7: 30 | BR7: 311 | BS7: 260 | BT7: 604 | BU7: 5074 | BV7: 197 | BW7: 321 | BX7: 0 | BY7: 3702 | BZ7: 854 | CA7: 53705
A8: Y1992 | B8: 10585 | C8: 226 | D8: 3669 | E8: 957 | F8: 913 | G8: 2449 | H8: 825 | I8: 888 | J8: 112 | K8: 405 | L8: 141 | M8: 377 | N8: 355 | O8: 22 | P8: 13497 | Q8: 398 | R8: 61 | S8: 11 | T8: 419 | U8: 9 | V8: 4539 | W8: 328 | X8: 7539 | Y8: 193 | Z8: 11612 | AA8: 7345 | AB8: 3123 | AC8: 1144 | AD8: 154 | AE8: 131 | AF8: 1 | AG8: 22 | AH8: 1817 | AI8: 77 | AJ8: 195 | AK8: 297 | AL8: 517 | AM8: 155 | AN8: 15 | AO8: 192 | AP8: 94 | AQ8: 275 | AR8: 7078 | AS8: 259 | AT8: 98 | AU8: 61 | AV8: 247 | AW8: 268 | AX8: 603 | AY8: 1179 | AZ8: 3816 | BA8: 547 | BB8: 5721 | BC8: 614 | BD8: 629 | BE8: 95 | BF8: 618 | BG8: 904 | BH8: 401 | BI8: 656 | BJ8: 887 | BK8: 917 | BL8: 1772 | BM8: 91 | BN8: 45 | BO8: 4 | BP8: 175 | BQ8: 36 | BR8: 367 | BS8: 338 | BT8: 716 | BU8: 5759 | BV8: 203 | BW8: 289 | BX8: 0 | BY8: 4476 | BZ8: 791 | CA8: 58372
A9: Y1993 | B9: 12435 | C9: 289 | D9: 3958 | E9: 1169 | F9: 1058 | G9: 3102 | H9: 912 | I9: 1210 | J9: 146 | K9: 430 | L9: 161 | M9: 492 | N9: 457 | O9: 35 | P9: 12753 | Q9: 378 | R9: 84 | S9: 10 | T9: 531 | U9: 13 | V9: 3662 | W9: 370 | X9: 7499 | Y9: 206 | Z9: 11983 | AA9: 7798 | AB9: 2964 | AC9: 1221 | AD9: 209 | AE9: 173 | AF9: 2 | AG9: 34 | AH9: 2189 | AI9: 83 | AJ9: 221 | AK9: 354 | AL9: 639 | AM9: 191 | AN9: 14 | AO9: 211 | AP9: 111 | AQ9: 365 | AR9: 7575 | AS9: 327 | AT9: 117 | AU9: 88 | AV9: 253 | AW9: 355 | AX9: 580 | AY9: 1380 | AZ9: 3895 | BA9: 580 | BB9: 7020 | BC9: 624 | BD9: 801 | BE9: 97 | BF9: 817 | BG9: 1169 | BH9: 436 | BI9: 886 | BJ9: 1096 | BK9: 1094 | BL9: 2000 | BM9: 46 | BN9: 75 | BO9: 10 | BP9: 222 | BQ9: 52 | BR9: 388 | BS9: 445 | BT9: 762 | BU9: 6093 | BV9: 295 | BW9: 222 | BX9: 0 | BY9: 4683 | BZ9: 893 | CA9: 62749
A10: Y1994 | B10: 13394 | C10: 359 | D10: 3799 | E10: 1423 | F10: 1092 | G10: 3340 | H10: 926 | I10: 1672 | J10: 173 | K10: 403 | L10: 207 | M10: 531 | N10: 493 | O10: 38 | P10: 13074 | Q10: 452 | R10: 128 | S10: 12 | T10: 531 | U10: 27 | V10: 4287 | W10: 352 | X10: 7074 | Y10: 211 | Z10: 10671 | AA10: 6750 | AB10: 2705 | AC10: 1216 | AD10: 223 | AE10: 184 | AF10: 7 | AG10: 32 | AH10: 2467 | AI10: 85 | AJ10: 277 | AK10: 372 | AL10: 729 | AM10: 235 | AN10: 23 | AO10: 209 | AP10: 123 | AQ10: 414 | AR10: 8280 | AS10: 426 | AT10: 126 | AU10: 89 | AV10: 253 | AW10: 417 | AX10: 787 | AY10: 1505 | AZ10: 3994 | BA10: 683 | BB10: 7606 | BC10: 602 | BD10: 806 | BE10: 120 | BF10: 935 | BG10: 1509 | BH10: 689 | BI10: 1088 | BJ10: 1014 | BK10: 843 | BL10: 2235 | BM10: 48 | BN10: 75 | BO10: 13 | BP10: 288 | BQ10: 56 | BR10: 444 | BS10: 483 | BT10: 828 | BU10: 6281 | BV10: 381 | BW10: 246 | BX10: 0 | BY10: 4671 | BZ10: 983 | CA10: 64762
A11: Y1995 | B11: 13073 | C11: 576 | D11: 3539 | E11: 1495 | F11: 1160 | G11: 2689 | H11: 921 | I11: 1877 | J11: 181 | K11: 412 | L11: 223 | M11: 585 | N11: 542 | O11: 43 | P11: 14647 | Q11: 492 | R11: 122 | S11: 13 | T11: 647 | U11: 47 | V11: 4404 | W11: 427 | X11: 8270 | Y11: 225 | Z11: 11980 | AA11: 7433 | AB11: 3029 | AC11: 1518 | AD11: 256 | AE11: 216 | AF11: 2 | AG11: 38 | AH11: 2908 | AI11: 80 | AJ11: 356 | AK11: 425 | AL11: 834 | AM11: 279 | AN11: 29 | AO11: 340 | AP11: 159 | AQ11: 406 | AR11: 9791 | AS11: 504 | AT11: 151 | AU11: 103 | AV11: 280 | AW11: 518 | AX11: 680 | AY11: 1767 | AZ11: 5094 | BA11: 694 | BB11: 9164 | BC11: 799 | BD11: 1063 | BE11: 142 | BF11: 1015 | BG11: 1753 | BH11: 689 | BI11: 1359 | BJ11: 1126 | BK11: 1218 | BL11: 2496 | BM11: 65 | BN11: 86 | BO11: 12 | BP11: 302 | BQ11: 63 | BR11: 469 | BS11: 530 | BT11: 969 | BU11: 6785 | BV11: 424 | BW11: 163 | BX11: 0 | BY11: 5263 | BZ11: 935 | CA11: 71685
A12: Y1996 | B12: 15804 | C12: 659 | D12: 2892 | E12: 1760 | F12: 1050 | G12: 5761 | H12: 1084 | I12: 1649 | J12: 196 | K12: 500 | L12: 253 | M12: 740 | N12: 677 | O12: 63 | P12: 15023 | Q12: 496 | R12: 218 | S12: 12 | T12: 621 | U12: 14 | V12: 4285 | W12: 384 | X12: 8771 | Y12: 222 | Z12: 13002 | AA12: 7818 | AB12: 3508 | AC12: 1676 | AD12: 237 | AE12: 194 | AF12: 10 | AG12: 33 | AH12: 3001 | AI12: 91 | AJ12: 333 | AK12: 420 | AL12: 942 | AM12: 300 | AN12: 23 | AO12: 299 | AP12: 153 | AQ12: 440 | AR12: 9429 | AS12: 471 | AT12: 159 | AU12: 109 | AV12: 343 | AW12: 566 | AX12: 770 | AY12: 1623 | AZ12: 4619 | BA12: 769 | BB12: 9955 | BC12: 878 | BD12: 1089 | BE12: 200 | BF12: 1219 | BG12: 1781 | BH12: 655 | BI12: 1347 | BJ12: 1538 | BK12: 1248 | BL12: 2813 | BM12: 85 | BN12: 99 | BO12: 14 | BP12: 339 | BQ12: 64 | BR12: 596 | BS12: 578 | BT12: 1038 | BU12: 6987 | BV12: 508 | BW12: 126 | BX12: 0 | BY12: 5236 | BZ12: 1117 | CA12: 76991
A13: Y1997 | B13: 17197 | C13: 743 | D13: 3442 | E13: 1834 | F13: 1203 | G13: 6042 | H13: 1156 | I13: 1723 | J13: 193 | K13: 558 | L13: 303 | M13: 890 | N13: 835 | O13: 55 | P13: 17150 | Q13: 546 | R13: 255 | S13: 11 | T13: 683 | U13: 19 | V13: 5225 | W13: 383 | X13: 9801 | Y13: 227 | Z13: 14966 | AA13: 8821 | AB13: 4102 | AC13: 2043 | AD13: 270 | AE13: 196 | AF13: 30 | AG13: 44 | AH13: 3213 | AI13: 143 | AJ13: 328 | AK13: 439 | AL13: 1058 | AM13: 298 | AN13: 21 | AO13: 318 | AP13: 162 | AQ13: 446 | AR13: 9917 | AS13: 510 | AT13: 163 | AU13: 107 | AV13: 416 | AW13: 626 | AX13: 783 | AY13: 1666 | AZ13: 4897 | BA13: 749 | BB13: 11314 | BC13: 1035 | BD13: 1189 | BE13: 221 | BF13: 1146 | BG13: 1674 | BH13: 987 | BI13: 1262 | BJ13: 1869 | BK13: 1931 | BL13: 3051 | BM13: 87 | BN13: 97 | BO13: 14 | BP13: 376 | BQ13: 59 | BR13: 710 | BS13: 665 | BT13: 1043 | BU13: 6802 | BV13: 530 | BW13: 128 | BX13: 1 | BY13: 4923 | BZ13: 1220 | CA13: 84770
A14: Y1998 | B14: 15152 | C14: 567 | D14: 3911 | E14: 2142 | F14: 1178 | G14: 5017 | H14: 1135 | I14: 180 | J14: 176 | K14: 545 | L14: 301 | M14: 1154 | N14: 1084 | O14: 70 | P14: 17908 | Q14: 510 | R14: 452 | S14: 10 | T14: 699 | U14: 22 | V14: 4503 | W14: 449 | X14: 11015 | Y14: 248 | Z14: 15078 | AA14: 9849 | AB14: 3374 | AC14: 1855 | AD14: 385 | AE14: 265 | AF14: 70 | AG14: 50 | AH14: 3388 | AI14: 139 | AJ14: 316 | AK14: 525 | AL14: 1225 | AM14: 283 | AN14: 32 | AO14: 237 | AP14: 164 | AQ14: 467 | AR14: 10428 | AS14: 497 | AT14: 169 | AU14: 104 | AV14: 421 | AW14: 593 | AX14: 698 | AY14: 1826 | AZ14: 5418 | BA14: 702 | BB14: 10656 | BC14: 808 | BD14: 1365 | BE14: 181 | BF14: 1034 | BG14: 1565 | BH14: 862 | BI14: 1277 | BJ14: 1863 | BK14: 1701 | BL14: 3345 | BM14: 85 | BN14: 98 | BO14: 12 | BP14: 365 | BQ14: 62 | BR14: 872 | BS14: 671 | BT14: 1180 | BU14: 11493 | BV14: 766 | BW14: 135 | BX14: 2 | BY14: 7642 | BZ14: 2948 | CA14: 88987
A15: Y1999 | B15: 15878 | C15: 698 | D15: 4163 | E15: 2209 | F15: 1387 | G15: 4882 | H15: 1192 | I15: 164 | J15: 213 | K15: 626 | L15: 344 | M15: 1402 | N15: 1345 | O15: 57 | P15: 16669 | Q15: 343 | R15: 777 | S15: 13 | T15: 698 | U15: 30 | V15: 3972 | W15: 415 | X15: 10164 | Y15: 257 | Z15: 14460 | AA15: 8406 | AB15: 4174 | AC15: 1880 | AD15: 328 | AE15: 226 | AF15: 51 | AG15: 51 | AH15: 3855 | AI15: 159 | AJ15: 380 | AK15: 524 | AL15: 1481 | AM15: 334 | AN15: 31 | AO15: 232 | AP15: 178 | AQ15: 536 | AR15: 10684 | AS15: 430 | AT15: 180 | AU15: 138 | AV15: 470 | AW15: 604 | AX15: 868 | AY15: 1362 | AZ15: 5974 | BA15: 658 | BB15: 10988 | BC15: 793 | BD15: 1096 | BE15: 197 | BF15: 1029 | BG15: 1405 | BH15: 906 | BI15: 1298 | BJ15: 2441 | BK15: 1823 | BL15: 3618 | BM15: 77 | BN15: 127 | BO15: 12 | BP15: 331 | BQ15: 63 | BR15: 1004 | BS15: 784 | BT15: 1220 | BU15: 9018 | BV15: 1807 | BW15: 98 | BX15: 8 | BY15: 4810 | BZ15: 2295 | CA15: 86900
... A39: Y2023 | B39: 54927 | C39: 1239 | D39: 17910 | E39: 3010 | F39: 1351 | G39: 20643 | H39: 5915 | I39: 294 | J39: 497 | K39: 1746 | L39: 2322 | M39: 2569 | N39: 2545 | O39: 24 | P39: 202833 | Q39: 454 | R39: 5507 | S39: 14 | T39: 1442 | U39: 206 | V39: 7452 | W39: 19318 | X39: 167787 | Y39: 653 | Z39: 194429 | AA39: 101958 | AB39: 15802 | AC39: 76669 | AD39: 1610 | AE39: 1052 | AF39: 422 | AG39: 136 | AH39: 11510 | AI39: 223 | AJ39: 1263 | AK39: 924 | AL39: 4753 | AM39: 1695 | AN39: 338 | AO39: 266 | AP39: 387 | AQ39: 1661 | AR39: 19417 | AS39: 111 | AT39: 398 | AU39: 99 | AV39: 893 | AW39: 366 | AX39: 858 | AY39: 1166 | AZ39: 14075 | BA39: 1451 | BB39: 18668 | BC39: 1303 | BD39: 2127 | BE39: 273 | BF39: 3059 | BG39: 1488 | BH39: 2683 | BI39: 2963 | BJ39: 2190 | BK39: 2582 | BL39: 10537 | BM39: 170 | BN39: 189 | BO39: 189 | BP39: 702 | BQ39: 183 | BR39: 4878 | BS39: 578 | BT39: 3648 | BU39: 41294 | BV39: 616 | BW39: 2011 | BX39: 11 | BY39: 28353 | BZ39: 10303 | CA39: 557794

Sheet Import-dataset
A1: Import | B1: 0 Food and live animals ; | C1: 00 Live animals (excl. fish (not marine mammals) crustaceans, molluscs and aquatic invertebrates of SITC Division 03) ; | D1: 01 Meat and meat preparations ; | E1: 02 Dairy products and birds’ eggs ; | F1: 03 Fish (excl. marine mammals) crustaceans, molluscs and aquatic invertebrates, and preparations thereof (excl. extracts and juices of fish, crustaceans, molluscs or other aquatic invertebrates, prepared or preserved of SITC 01710) ; | G1: 04 Cereals and cereal preparations ; | H1: 05 Vegetables and fruit ; | I1: 06 Sugars, sugar preparations and honey ; | J1: 07 Coffee, tea, cocoa, spices, and manufactures thereof ; | K1: 08 Feeding stuff for animals (excl. unmilled cereals) ; | L1: 09 Miscellaneous edible products and preparations ; | M1: 1 Beverages and tobacco ; | N1: 11 Beverages ; | O1: 12 Tobacco and tobacco manufactures ; | P1: 2 Crude materials, inedible, except fuels ; | Q1: 21 Hides, skins and furskins, raw ; | R1: 22 Oil-seeds and oleaginous fruits ; | S1: 23 Crude rubber (incl. synthetic and reclaimed) ; | T1: 24 Cork and wood ; | U1: 25 Pulp and waste paper ; | V1: 26 Textile fibres (excl. wool tops and other combed wool) and their wastes, not manufactured into yarn or fabric ; | W1: 27 Crude fertilizers (excl. those of Division 56) and crude minerals (excl. coal, petroleum and precious stones) ; | X1: 28 Metalliferous ores and metal scrap ; | Y1: 29 Crude animal and vegetable materials, nes ; | Z1: 3 Mineral fuels, lubricants and related materials ; | AA1: 31 Coal, coke and briquettes ; | AB1: 32 Petroleum, petroleum products and related materials ; | AC1: 33 Gas, natural and manufactured ; | AD1: 4 Animal and vegetable oils, fats and waxes ; | AE1: 41 Animal oils and fats ; | AF1: 42 Fixed vegetable fats and oils, crude, refined or fractionated ; | AG1: 43 Animal or vegetable fats and oils, processed; waxes of animal or vegetable origin; inedible mixtures or preparations of animal or vegetable fats or oils, nes ; | AH1: 5 Chemicals and related products, nes ; | AI1: 51 Organic chemicals ; | AJ1: 52 Inorganic chemicals ; | AK1: 53 Dyeing, tanning and colouring materials ; | AL1: 54 Medicinal and pharmaceutical products ; | AM1: 55 Essential oils and resinoids and perfume materials; toilet, polishing and cleansing preparations ; | AN1: 56 Fertilisers (excl. those of group 272) ; | AO1: 57 Plastics in primary forms ; | AP1: 58 Plastics in non-primary forms ; | AQ1: 59 Chemical materials and products, nes ; | AR1: 6 Manufactured goods classified chiefly by material ; | AS1: 61 Leather, leather manufactures, nes, and dressed furskins ; | AT1: 62 Rubber manufactures, nes ; | AU1: 63 Cork and wood manufactures (excl. furniture) ; | AV1: 64 Paper, paperboard and articles of paper pulp, of paper or of paperboard ; | AW1: 65 Textile yarn, fabrics, made-up articles nes, and related products ; | AX1: 66 Non-metallic mineral manufactures, nes ; | AY1: 67 Iron and steel ; | AZ1: 68 Non-ferrous metals ; | BA1: 69 Manufactures of metals, nes ; | BB1: 7 Machinery and transport equipment ; | BC1: 71 Power generating machinery and equipment ; | BD1: 72 Machinery specialized for particular industries ; | BE1: 73 Metalworking machinery ; | BF1: 74 General industrial machinery and equipment, nes, and machine parts, nes ; | BG1: 75 Office machines and automatic data processing machines ; | BH1: 76 Telecommunications and sound recording and reproducing apparatus and equipment ; | BI1: 77 Electrical machinery, apparatus and appliances, nes, and electrical parts thereof (incl. non electrical counterparts, nes, of electrical household type equipment) ; | BJ1: 78 Road vehicles (incl. air-cushion vehicles) ; | BK1: 79 Transport equipment (excl. road vehicles) ; | BL1: 8 Miscellaneous manufactured articles ; | BM1: 81 Prefabricated buildings and sanitary, plumbing, heating and lighting fixtures and fittings, nes ; | BN1: 82 Furniture and parts thereof; bedding, mattresses, mattress supports, cushions and similar stuffed furnishings ; | BO1: 83 Travel goods, handbags and similar containers ; | BP1: 84 Articles of apparel and clothing accessories ; | BQ1: 85 Footwear ; | BR1: 87 Professional, scientific and controlling instruments and apparatus, nes ; | BS1: 88 Photographic apparatus, equipment and supplies and optical goods, nes; watches and clocks ; | BT1: 89 Miscellaneous manufactured articles, nes ; | BU1: 9 Commodities and transactions not classified elsewhere in the SITC ; | BV1: 91 Special transactions and commodities not classified according to kind ; | BW1: 92 Gold coin whether or not legal tender, and other coin being legal tender ; | BX1: 93 Coin (excl. gold coin) not being legal tender ; | BY1: 94 Gold, non-monetary (excl. gold ores and concentrates) ; | BZ1: 95 Combined confidential items excluding some of SITC 28099 (exports only) and some of SITC 51099 (imports only) ; | CA1: -1 TOTAL ;
A2: Unit | B2: $ Millions | C2: $ Millions | D2: $ Millions | E2: $ Millions | F2: $ Millions | G2: $ Millions | H2: $ Millions | I2: $ Millions | J2: $ Millions | K2: $ Millions | L2: $ Millions | M2: $ Millions | N2: $ Millions | O2: $ Millions | P2: $ Millions | Q2: $ Millions | R2: $ Millions | S2: $ Millions | T2: $ Millions | U2: $ Millions | V2: $ Millions | W2: $ Millions | X2: $ Millions | Y2: $ Millions | Z2: $ Millions | AA2: $ Millions | AB2: $ Millions | AC2: $ Millions | AD2: $ Millions | AE2: $ Millions | AF2: $ Millions | AG2: $ Millions | AH2: $ Millions | AI2: $ Millions | AJ2: $ Millions | AK2: $ Millions | AL2: $ Millions | AM2: $ Millions | AN2: $ Millions | AO2: $ Millions | AP2: $ Millions | AQ2: $ Millions | AR2: $ Millions | AS2: $ Millions | AT2: $ Millions | AU2: $ Millions | AV2: $ Millions | AW2: $ Millions | AX2: $ Millions | AY2: $ Millions | AZ2: $ Millions | BA2: $ Millions | BB2: $ Millions | BC2: $ Millions | BD2: $ Millions | BE2: $ Millions | BF2: $ Millions | BG2: $ Millions | BH2: $ Millions | BI2: $ Millions | BJ2: $ Millions | BK2: $ Millions | BL2: $ Millions | BM2: $ Millions | BN2: $ Millions | BO2: $ Millions | BP2: $ Millions | BQ2: $ Millions | BR2: $ Millions | BS2: $ Millions | BT2: $ Millions | BU2: $ Millions | BV2: $ Millions | BW2: $ Millions | BX2: $ Millions | BY2: $ Millions | BZ2: $ Millions | CA2: $ Millions
A3: Series ID | B3: A1828644C | C3: A1828645F | D3: A1828646J | E3: A1828647K | F3: A1828648L | G3: A1828649R | H3: A1828650X | I3: A1828651A | J3: A1828652C | K3: A1828653F | L3: A1828654J | M3: A1828655K | N3: A1828656L | O3: A1828657R | P3: A1828658T | Q3: A1828659V | R3: A1828660C | S3: A1828661F | T3: A1828662J | U3: A1828663K | V3: A1828664L | W3: A1828665R | X3: A1828666T | Y3: A1828667V | Z3: A1828668W | AA3: A1828669X | AB3: A1828670J | AC3: A1828671K | AD3: A1828672L | AE3: A1828673R | AF3: A1828674T | AG3: A1828675V | AH3: A1828676W | AI3: A1828677X | AJ3: A1828678A | AK3: A1828679C | AL3: A1828680L | AM3: A1828681R | AN3: A1828682T | AO3: A1828683V | AP3: A1828684W | AQ3: A1828685X | AR3: A1828686A | AS3: A1828687C | AT3: A1828688F | AU3: A1828689J | AV3: A1828690T | AW3: A1828691V | AX3: A1828692W | AY3: A1828693X | AZ3: A1828694A | BA3: A1828695C | BB3: A1828696F | BC3: A1828697J | BD3: A1828698K | BE3: A1828699L | BF3: A1828700K | BG3: A1828701L | BH3: A1828702R | BI3: A1828703T | BJ3: A1828704V | BK3: A1828705W | BL3: A1828706X | BM3: A1828707A | BN3: A1828708C | BO3: A1828709F | BP3: A1828710R | BQ3: A1828711T | BR3: A1828712V | BS3: A1828713W | BT3: A1828714X | BU3: A1828715A | BV3: A1828716C | BW3: A1828717F | BX3: A1828718J | BY3: A1828719K | BZ3: A1828720V | CA3: A1828721W
A4: Y1988 | B4: 1689 | C4: 154 | D4: 25 | E4: 90 | F4: 406 | G4: 69 | H4: 312 | I4: 37 | J4: 359 | K4: 60 | L4: 177 | M4: 367 | N4: 264 | O4: 103 | P4: 1518 | Q4: 13 | R4: 43 | S4: 111 | T4: 483 | U4: 232 | V4: 185 | W4: 266 | X4: 81 | Y4: 104 | Z4: 1699 | AA4: 3 | AB4: 1693 | AC4: 3 | AD4: 105 | AE4: 0 | AF4: 94 | AG4: 11 | AH4: 4644 | AI4: 1172 | AJ4: 594 | AK4: 200 | AL4: 687 | AM4: 270 | AN4: 171 | AO4: 597 | AP4: 421 | AQ4: 532 | AR4: 7271 | AS4: 150 | AT4: 621 | AU4: 214 | AV4: 1212 | AW4: 1911 | AX4: 885 | AY4: 892 | AZ4: 297 | BA4: 1089 | BB4: 17882 | BC4: 1123 | BD4: 2131 | BE4: 354 | BF4: 2326 | BG4: 2899 | BH4: 1543 | BI4: 2213 | BJ4: 3852 | BK4: 1441 | BL4: 5959 | BM4: 116 | BN4: 251 | BO4: 175 | BP4: 700 | BQ4: 304 | BR4: 993 | BS4: 763 | BT4: 2657 | BU4: 1285 | BV4: 935 | BW4: 17 | BX4: 0 | BY4: 104 | BZ4: 229 | CA4: 42419
A5: Y1989 | B5: 1928 | C5: 151 | D5: 30 | E5: 96 | F5: 441 | G5: 86 | H5: 418 | I5: 49 | J5: 357 | K5: 67 | L5: 233 | M5: 386 | N5: 298 | O5: 88 | P5: 1608 | Q5: 10 | R5: 33 | S5: 103 | T5: 571 | U5: 239 | V5: 159 | W5: 256 | X5: 118 | Y5: 119 | Z5: 2643 | AA5: 23 | AB5: 2612 | AC5: 8 | AD5: 120 | AE5: 1 | AF5: 107 | AG5: 12 | AH5: 5188 | AI5: 1123 | AJ5: 760 | AK5: 233 | AL5: 739 | AM5: 327 | AN5: 227 | AO5: 699 | AP5: 483 | AQ5: 597 | AR5: 8579 | AS5: 146 | AT5: 734 | AU5: 243 | AV5: 1342 | AW5: 2045 | AX5: 1078 | AY5: 1218 | AZ5: 414 | BA5: 1359 | BB5: 23456 | BC5: 1240 | BD5: 2752 | BE5: 388 | BF5: 2891 | BG5: 3531 | BH5: 1880 | BI5: 2621 | BJ5: 5397 | BK5: 2756 | BL5: 6813 | BM5: 140 | BN5: 339 | BO5: 215 | BP5: 848 | BQ5: 342 | BR5: 1138 | BS5: 806 | BT5: 2985 | BU5: 995 | BV5: 651 | BW5: 25 | BX5: 3 | BY5: 189 | BZ5: 127 | CA5: 51716
A6: Y1990 | B6: 1915 | C6: 121 | D6: 28 | E6: 115 | F6: 438 | G6: 101 | H6: 388 | I6: 61 | J6: 316 | K6: 69 | L6: 278 | M6: 403 | N6: 301 | O6: 102 | P6: 1405 | Q6: 14 | R6: 53 | S6: 83 | T6: 456 | U6: 207 | V6: 141 | W6: 186 | X6: 148 | Y6: 117 | Z6: 2806 | AA6: 3 | AB6: 2787 | AC6: 16 | AD6: 122 | AE6: 0 | AF6: 110 | AG6: 12 | AH6: 5129 | AI6: 984 | AJ6: 695 | AK6: 229 | AL6: 904 | AM6: 339 | AN6: 261 | AO6: 613 | AP6: 459 | AQ6: 645 | AR6: 7627 | AS6: 128 | AT6: 703 | AU6: 221 | AV6: 1255 | AW6: 1856 | AX6: 996 | AY6: 834 | AZ6: 373 | BA6: 1261 | BB6: 22381 | BC6: 1361 | BD6: 2446 | BE6: 354 | BF6: 2789 | BG6: 3462 | BH6: 1778 | BI6: 2615 | BJ6: 4825 | BK6: 2751 | BL6: 6918 | BM6: 139 | BN6: 314 | BO6: 209 | BP6: 914 | BQ6: 359 | BR6: 1155 | BS6: 786 | BT6: 3042 | BU6: 1092 | BV6: 493 | BW6: 28 | BX6: 7 | BY6: 427 | BZ6: 137 | CA6: 49798
A7: Y1991 | B7: 2009 | C7: 62 | D7: 40 | E7: 133 | F7: 453 | G7: 108 | H7: 433 | I7: 57 | J7: 310 | K7: 85 | L7: 328 | M7: 388 | N7: 286 | O7: 102 | P7: 1195 | Q7: 9 | R7: 58 | S7: 79 | T7: 437 | U7: 130 | V7: 134 | W7: 123 | X7: 115 | Y7: 110 | Z7: 2949 | AA7: 4 | AB7: 2938 | AC7: 7 | AD7: 137 | AE7: 0 | AF7: 124 | AG7: 13 | AH7: 5252 | AI7: 1044 | AJ7: 718 | AK7: 245 | AL7: 937 | AM7: 350 | AN7: 284 | AO7: 602 | AP7: 454 | AQ7: 618 | AR7: 7575 | AS7: 118 | AT7: 704 | AU7: 225 | AV7: 1209 | AW7: 1907 | AX7: 925 | AY7: 895 | AZ7: 371 | BA7: 1221 | BB7: 21886 | BC7: 1311 | BD7: 2023 | BE7: 315 | BF7: 2764 | BG7: 3406 | BH7: 1823 | BI7: 2645 | BJ7: 4280 | BK7: 3319 | BL7: 7281 | BM7: 154 | BN7: 301 | BO7: 221 | BP7: 1027 | BQ7: 384 | BR7: 1241 | BS7: 793 | BT7: 3160 | BU7: 998 | BV7: 28 | BW7: 11 | BX7: 0 | BY7: 866 | BZ7: 93 | CA7: 49670
A8: Y1992 | B8: 2148 | C8: 59 | D8: 39 | E8: 152 | F8: 483 | G8: 131 | H8: 475 | I8: 73 | J8: 328 | K8: 70 | L8: 338 | M8: 410 | N8: 303 | O8: 107 | P8: 1419 | Q8: 0 | R8: 58 | S8: 93 | T8: 516 | U8: 153 | V8: 142 | W8: 154 | X8: 170 | Y8: 133 | Z8: 3242 | AA8: 5 | AB8: 3222 | AC8: 15 | AD8: 174 | AE8: 0 | AF8: 156 | AG8: 18 | AH8: 6220 | AI8: 1284 | AJ8: 700 | AK8: 305 | AL8: 1275 | AM8: 438 | AN8: 310 | AO8: 650 | AP8: 531 | AQ8: 727 | AR8: 8433 | AS8: 132 | AT8: 781 | AU8: 245 | AV8: 1387 | AW8: 2090 | AX8: 1024 | AY8: 856 | AZ8: 440 | BA8: 1478 | BB8: 23732 | BC8: 1345 | BD8: 2350 | BE8: 314 | BF8: 2892 | BG8: 3949 | BH8: 2188 | BI8: 3093 | BJ8: 5576 | BK8: 2025 | BL8: 8515 | BM8: 166 | BN8: 342 | BO8: 273 | BP8: 1208 | BQ8: 481 | BR8: 1444 | BS8: 931 | BT8: 3670 | BU8: 1198 | BV8: 27 | BW8: 1 | BX8: 0 | BY8: 1104 | BZ8: 66 | CA8: 55491
A9: Y1993 | B9: 2381 | C9: 65 | D9: 39 | E9: 159 | F9: 538 | G9: 139 | H9: 501 | I9: 73 | J9: 358 | K9: 87 | L9: 422 | M9: 451 | N9: 318 | O9: 133 | P9: 1548 | Q9: 4 | R9: 65 | S9: 111 | T9: 652 | U9: 141 | V9: 153 | W9: 139 | X9: 128 | Y9: 155 | Z9: 3819 | AA9: 16 | AB9: 3781 | AC9: 22 | AD9: 196 | AE9: 0 | AF9: 179 | AG9: 17 | AH9: 6843 | AI9: 1491 | AJ9: 582 | AK9: 335 | AL9: 1393 | AM9: 491 | AN9: 376 | AO9: 728 | AP9: 606 | AQ9: 841 | AR9: 9137 | AS9: 137 | AT9: 883 | AU9: 274 | AV9: 1485 | AW9: 2208 | AX9: 1038 | AY9: 1038 | AZ9: 476 | BA9: 1598 | BB9: 27486 | BC9: 1665 | BD9: 2717 | BE9: 324 | BF9: 3425 | BG9: 4576 | BH9: 2488 | BI9: 3752 | BJ9: 6695 | BK9: 1844 | BL9: 9421 | BM9: 182 | BN9: 369 | BO9: 272 | BP9: 1454 | BQ9: 515 | BR9: 1648 | BS9: 1024 | BT9: 3957 | BU9: 1109 | BV9: 37 | BW9: 1 | BX9: 0 | BY9: 1003 | BZ9: 68 | CA9: 62391
A10: Y1994 | B10: 2583 | C10: 81 | D10: 42 | E10: 161 | F10: 582 | G10: 148 | H10: 504 | I10: 75 | J10: 437 | K10: 107 | L10: 446 | M10: 501 | N10: 338 | O10: 163 | P10: 1650 | Q10: 4 | R10: 105 | S10: 128 | T10: 605 | U10: 131 | V10: 174 | W10: 163 | X10: 169 | Y10: 171 | Z10: 3264 | AA10: 26 | AB10: 3212 | AC10: 26 | AD10: 209 | AE10: 2 | AF10: 187 | AG10: 20 | AH10: 7359 | AI10: 1706 | AJ10: 462 | AK10: 355 | AL10: 1504 | AM10: 547 | AN10: 443 | AO10: 804 | AP10: 666 | AQ10: 872 | AR10: 10019 | AS10: 156 | AT10: 998 | AU10: 305 | AV10: 1639 | AW10: 2368 | AX10: 1144 | AY10: 1101 | AZ10: 588 | BA10: 1720 | BB10: 31427 | BC10: 1759 | BD10: 3341 | BE10: 436 | BF10: 3912 | BG10: 5201 | BH10: 2874 | BI10: 4375 | BJ10: 7963 | BK10: 1566 | BL10: 10229 | BM10: 206 | BN10: 425 | BO10: 314 | BP10: 1547 | BQ10: 557 | BR10: 1762 | BS10: 1140 | BT10: 4278 | BU10: 861 | BV10: 25 | BW10: 1 | BX10: 0 | BY10: 773 | BZ10: 62 | CA10: 68102
A11: Y1995 | B11: 2947 | C11: 106 | D11: 51 | E11: 185 | F11: 598 | G11: 218 | H11: 575 | I11: 88 | J11: 525 | K11: 104 | L11: 497 | M11: 504 | N11: 341 | O11: 163 | P11: 1746 | Q11: 1 | R11: 131 | S11: 166 | T11: 522 | U11: 205 | V11: 182 | W11: 157 | X11: 182 | Y11: 200 | Z11: 3887 | AA11: 14 | AB11: 3823 | AC11: 50 | AD11: 251 | AE11: 2 | AF11: 226 | AG11: 23 | AH11: 8599 | AI11: 1862 | AJ11: 797 | AK11: 370 | AL11: 1691 | AM11: 598 | AN11: 584 | AO11: 980 | AP11: 774 | AQ11: 943 | AR11: 11353 | AS11: 168 | AT11: 1084 | AU11: 327 | AV11: 2048 | AW11: 2416 | AX11: 1211 | AY11: 1459 | AZ11: 689 | BA11: 1951 | BB11: 36393 | BC11: 1845 | BD11: 3914 | BE11: 558 | BF11: 4379 | BG11: 5969 | BH11: 3684 | BI11: 5298 | BJ11: 8433 | BK11: 2313 | BL11: 10963 | BM11: 218 | BN11: 457 | BO11: 359 | BP11: 1703 | BQ11: 568 | BR11: 1887 | BS11: 1230 | BT11: 4541 | BU11: 827 | BV11: 27 | BW11: 1 | BX11: 0 | BY11: 731 | BZ11: 68 | CA11: 77470
A12: Y1996 | B12: 2919 | C12: 92 | D12: 56 | E12: 201 | F12: 605 | G12: 165 | H12: 597 | I12: 87 | J12: 484 | K12: 105 | L12: 527 | M12: 511 | N12: 341 | O12: 170 | P12: 1503 | Q12: 0 | R12: 100 | S12: 144 | T12: 419 | U12: 155 | V12: 166 | W12: 131 | X12: 171 | Y12: 217 | Z12: 4898 | AA12: 15 | AB12: 4800 | AC12: 83 | AD12: 263 | AE12: 4 | AF12: 236 | AG12: 23 | AH12: 9078 | AI12: 2007 | AJ12: 795 | AK12: 404 | AL12: 1937 | AM12: 623 | AN12: 746 | AO12: 869 | AP12: 719 | AQ12: 978 | AR12: 10610 | AS12: 159 | AT12: 1119 | AU12: 319 | AV12: 1770 | AW12: 2319 | AX12: 1208 | AY12: 1264 | AZ12: 601 | BA12: 1851 | BB12: 36813 | BC12: 2037 | BD12: 4107 | BE12: 606 | BF12: 4567 | BG12: 5882 | BH12: 3724 | BI12: 5100 | BJ12: 8243 | BK12: 2547 | BL12: 11055 | BM12: 225 | BN12: 495 | BO12: 343 | BP12: 1802 | BQ12: 610 | BR12: 1892 | BS12: 1241 | BT12: 4447 | BU12: 751 | BV12: 31 | BW12: 9 | BX12: 0 | BY12: 643 | BZ12: 68 | CA12: 78401
A13: Y1997 | B13: 3192 | C13: 120 | D13: 69 | E13: 193 | F13: 631 | G13: 204 | H13: 590 | I13: 90 | J13: 582 | K13: 134 | L13: 579 | M13: 544 | N13: 401 | O13: 143 | P13: 1562 | Q13: 1 | R13: 91 | S13: 130 | T13: 462 | U13: 124 | V13: 149 | W13: 165 | X13: 199 | Y13: 241 | Z13: 5023 | AA13: 13 | AB13: 4916 | AC13: 94 | AD13: 270 | AE13: 9 | AF13: 240 | AG13: 21 | AH13: 9400 | AI13: 2070 | AJ13: 634 | AK13: 425 | AL13: 2215 | AM13: 676 | AN13: 661 | AO13: 926 | AP13: 754 | AQ13: 1039 | AR13: 11533 | AS13: 159 | AT13: 1143 | AU13: 368 | AV13: 1833 | AW13: 2385 | AX13: 1336 | AY13: 1466 | AZ13: 692 | BA13: 2151 | BB13: 38694 | BC13: 1952 | BD13: 4032 | BE13: 596 | BF13: 5040 | BG13: 6496 | BH13: 3764 | BI13: 5085 | BJ13: 9590 | BK13: 2139 | BL13: 12286 | BM13: 258 | BN13: 613 | BO13: 358 | BP13: 2049 | BQ13: 658 | BR13: 2138 | BS13: 1315 | BT13: 4897 | BU13: 917 | BV13: 37 | BW13: 9 | BX13: 0 | BY13: 796 | BZ13: 75 | CA13: 83421
A14: Y1998 | B14: 3663 | C14: 120 | D14: 59 | E14: 239 | F14: 729 | G14: 230 | H14: 666 | I14: 104 | J14: 678 | K14: 155 | L14: 683 | M14: 589 | N14: 434 | O14: 155 | P14: 1624 | Q14: 0 | R14: 64 | S14: 118 | T14: 480 | U14: 173 | V14: 139 | W14: 191 | X14: 200 | Y14: 259 | Z14: 4323 | AA14: 28 | AB14: 4223 | AC14: 72 | AD14: 268 | AE14: 6 | AF14: 238 | AG14: 24 | AH14: 11037 | AI14: 2265 | AJ14: 779 | AK14: 472 | AL14: 2843 | AM14: 825 | AN14: 775 | AO14: 1010 | AP14: 871 | AQ14: 1197 | AR14: 13019 | AS14: 137 | AT14: 1318 | AU14: 419 | AV14: 2092 | AW14: 2600 | AX14: 1555 | AY14: 1609 | AZ14: 874 | BA14: 2415 | BB14: 44333 | BC14: 2163 | BD14: 4455 | BE14: 531 | BF14: 5855 | BG14: 7089 | BH14: 4140 | BI14: 5716 | BJ14: 11724 | BK14: 2660 | BL14: 14555 | BM14: 309 | BN14: 751 | BO14: 360 | BP14: 2419 | BQ14: 780 | BR14: 2457 | BS14: 1421 | BT14: 6058 | BU14: 3369 | BV14: 43 | BW14: 4 | BX14: 0 | BY14: 3174 | BZ14: 148 | CA14: 96780
A15: Y1999 | B15: 3844 | C15: 125 | D15: 98 | E15: 274 | F15: 779 | G15: 253 | H15: 742 | I15: 106 | J15: 630 | K15: 144 | L15: 693 | M15: 672 | N15: 496 | O15: 176 | P15: 1621 | Q15: 0 | R15: 68 | S15: 104 | T15: 486 | U15: 203 | V15: 139 | W15: 157 | X15: 182 | Y15: 282 | Z15: 5909 | AA15: 26 | AB15: 5797 | AC15: 86 | AD15: 284 | AE15: 6 | AF15: 244 | AG15: 34 | AH15: 11762 | AI15: 2557 | AJ15: 660 | AK15: 500 | AL15: 3212 | AM15: 884 | AN15: 746 | AO15: 1041 | AP15: 901 | AQ15: 1261 | AR15: 12934 | AS15: 159 | AT15: 1231 | AU15: 510 | AV15: 2186 | AW15: 2579 | AX15: 1678 | AY15: 1413 | AZ15: 794 | BA15: 2384 | BB15: 47801 | BC15: 2363 | BD15: 4063 | BE15: 436 | BF15: 5355 | BG15: 7199 | BH15: 5907 | BI15: 5897 | BJ15: 12373 | BK15: 4208 | BL15: 14513 | BM15: 325 | BN15: 893 | BO15: 382 | BP15: 2573 | BQ15: 782 | BR15: 2494 | BS15: 1447 | BT15: 5617 | BU15: 2166 | BV15: 37 | BW15: 7 | BX15: 5 | BY15: 2005 | BZ15: 112 | CA15: 101506
... A39: Y2023 | B39: 19679 | C39: 212 | D39: 1035 | E39: 2034 | F39: 2230 | G39: 2137 | H39: 3365 | I39: 611 | J39: 2582 | K39: 1438 | L39: 4035 | M39: 3516 | N39: 2928 | O39: 588 | P39: 3930 | Q39: 2 | R39: 120 | S39: 130 | T39: 841 | U39: 280 | V39: 119 | W39: 478 | X39: 1019 | Y39: 941 | Z39: 60980 | AA39: 306 | AB39: 60381 | AC39: 293 | AD39: 991 | AE39: 162 | AF39: 751 | AG39: 78 | AH39: 42832 | AI39: 2720 | AJ39: 2830 | AK39: 1148 | AL39: 17001 | AM39: 5168 | AN39: 3563 | AO39: 2728 | AP39: 2702 | AQ39: 4972 | AR39: 40646 | AS39: 176 | AT39: 5190 | AU39: 1733 | AV39: 3827 | AW39: 4277 | AX39: 4605 | AY39: 4746 | AZ39: 4174 | BA39: 11918 | BB39: 173529 | BC39: 7399 | BD39: 18320 | BE39: 1171 | BF39: 20855 | BG39: 12526 | BH39: 20205 | BI39: 23991 | BJ39: 63067 | BK39: 5995 | BL39: 55706 | BM39: 1960 | BN39: 5336 | BO39: 2249 | BP39: 12165 | BQ39: 2886 | BR39: 10011 | BS39: 2601 | BT39: 18498 | BU39: 12573 | BV39: 6 | BW39: 66 | BX39: 19 | BY39: 8565 | BZ39: 3917 | CA39: 414382

Sheet Export_Statistical
A1: Export | B1: 0 Food and live animals ; | C1: 00 Live animals (excl. fish (not marine mammals) crustaceans, molluscs and aquatic invertebrates of SITC Division 03) ; | D1: 01 Meat and meat preparations ; | E1: 02 Dairy products and birds’ eggs ; | F1: 03 Fish (excl. marine mammals) crustaceans, molluscs and aquatic invertebrates, and preparations thereof (excl. extracts and juices of fish, crustaceans, molluscs or other aquatic invertebrates, prepared or preserved of SITC 01710) ; | G1: 04 Cereals and cereal preparations ; | H1: 05 Vegetables and fruit ; | I1: 06 Sugars, sugar preparations and honey ; | J1: 07 Coffee, tea, cocoa, spices, and manufactures thereof ; | K1: 08 Feeding stuff for animals (excl. unmilled cereals) ; | L1: 09 Miscellaneous edible products and preparations ; | M1: 1 Beverages and tobacco ; | N1: 11 Beverages ; | O1: 12 Tobacco and tobacco manufactures ; | P1: 2 Crude materials, inedible, except fuels ; | Q1: 21 Hides, skins and furskins, raw ; | R1: 22 Oil-seeds and oleaginous fruits ; | S1: 23 Crude rubber (incl. synthetic and reclaimed) ; | T1: 24 Cork and wood ; | U1: 25 Pulp and waste paper ; | V1: 26 Textile fibres (excl. wool tops and other combed wool) and their wastes, not manufactured into yarn or fabric ; | W1: 27 Crude fertilizers (excl. those of Division 56) and crude minerals (excl. coal, petroleum and precious stones) ; | X1: 28 Metalliferous ores and metal scrap ; | Y1: 29 Crude animal and vegetable materials, nes ; | Z1: 3 Mineral fuels, lubricants and related materials ; | AA1: 31 Coal, coke and briquettes ; | AB1: 32 Petroleum, petroleum products and related materials ; | AC1: 33 Gas, natural and manufactured ; | AD1: 4 Animal and vegetable oils, fats and waxes ; | AE1: 41 Animal oils and fats ; | AF1: 42 Fixed vegetable fats and oils, crude, refined or fractionated ; | AG1: 43 Animal or vegetable fats and oils, processed; waxes of animal or vegetable origin; inedible mixtures or preparations of animal or vegetable fats or oils, nes ; | AH1: 5 Chemicals and related products, nes ; | AI1: 51 Organic chemicals ; | AJ1: 52 Inorganic chemicals ; | AK1: 53 Dyeing, tanning and colouring materials ; | AL1: 54 Medicinal and pharmaceutical products ; | AM1: 55 Essential oils and resinoids and perfume materials; toilet, polishing and cleansing preparations ; | AN1: 56 Fertilisers (excl. those of group 272) ; | AO1: 57 Plastics in primary forms ; | AP1: 58 Plastics in non-primary forms ; | AQ1: 59 Chemical materials and products, nes ; | AR1: 6 Manufactured goods classified chiefly by material ; | AS1: 61 Leather, leather manufactures, nes, and dressed furskins ; | AT1: 62 Rubber manufactures, nes ; | AU1: 63 Cork and wood manufactures (excl. furniture) ; | AV1: 64 Paper, paperboard and articles of paper pulp, of paper or of paperboard ; | AW1: 65 Textile yarn, fabrics, made-up articles nes, and related products ; | AX1: 66 Non-metallic mineral manufactures, nes ; | AY1: 67 Iron and steel ; | AZ1: 68 Non-ferrous metals ; | BA1: 69 Manufactures of metals, nes ; | BB1: 7 Machinery and transport equipment ; | BC1: 71 Power generating machinery and equipment ; | BD1: 72 Machinery specialized for particular industries ; | BE1: 73 Metalworking machinery ; | BF1: 74 General industrial machinery and equipment, nes, and machine parts, nes ; | BG1: 75 Office machines and automatic data processing machines ; | BH1: 76 Telecommunications and sound recording and reproducing apparatus and equipment ; | BI1: 77 Electrical machinery, apparatus and appliances, nes, and electrical parts thereof (incl. non electrical counterparts, nes, of electrical household type equipment) ; | BJ1: 78 Road vehicles (incl. air-cushion vehicles) ; | BK1: 79 Transport equipment (excl. road vehicles) ; | BL1: 8 Miscellaneous manufactured articles ; | BM1: 81 Prefabricated buildings and sanitary, plumbing, heating and lighting fixtures and fittings, nes ; | BN1: 82 Furniture and parts thereof; bedding, mattresses, mattress supports, cushions and similar stuffed furnishings ; | BO1: 83 Travel goods, handbags and similar containers ; | BP1: 84 Articles of apparel and clothing accessories ; | BQ1: 85 Footwear ; | BR1: 87 Professional, scientific and controlling instruments and apparatus, nes ; | BS1: 88 Photographic apparatus, equipment and supplies and optical goods, nes; watches and clocks ; | BT1: 89 Miscellaneous manufactured articles, nes ; | BU1: 9 Commodities and transactions not classified elsewhere in the SITC ; | BV1: 91 Special transactions and commodities not classified according to kind ; | BW1: 92 Gold coin whether or not legal tender, and other coin being legal tender ; | BX1: 93 Coin (excl. gold coin) not being legal tender ; | BY1: 94 Gold, non-monetary (excl. gold ores and concentrates) ; | BZ1: 95 Combined confidential items excluding some of SITC 28099 (exports only) and some of SITC 51099 (imports only) ; | CA1: -1 TOTAL ;
A2: Unit | B2: $ Millions | C2: $ Millions | D2: $ Millions | E2: $ Millions | F2: $ Millions | G2: $ Millions | H2: $ Millions | I2: $ Millions | J2: $ Millions | K2: $ Millions | L2: $ Millions | M2: $ Millions | N2: $ Millions | O2: $ Millions | P2: $ Millions | Q2: $ Millions | R2: $ Millions | S2: $ Millions | T2: $ Millions | U2: $ Millions | V2: $ Millions | W2: $ Millions | X2: $ Millions | Y2: $ Millions | Z2: $ Millions | AA2: $ Millions | AB2: $ Millions | AC2: $ Millions | AD2: $ Millions | AE2: $ Millions | AF2: $ Millions | AG2: $ Millions | AH2: $ Millions | AI2: $ Millions | AJ2: $ Millions | AK2: $ Millions | AL2: $ Millions | AM2: $ Millions | AN2: $ Millions | AO2: $ Millions | AP2: $ Millions | AQ2: $ Millions | AR2: $ Millions | AS2: $ Millions | AT2: $ Millions | AU2: $ Millions | AV2: $ Millions | AW2: $ Millions | AX2: $ Millions | AY2: $ Millions | AZ2: $ Millions | BA2: $ Millions | BB2: $ Millions | BC2: $ Millions | BD2: $ Millions | BE2: $ Millions | BF2: $ Millions | BG2: $ Millions | BH2: $ Millions | BI2: $ Millions | BJ2: $ Millions | BK2: $ Millions | BL2: $ Millions | BM2: $ Millions | BN2: $ Millions | BO2: $ Millions | BP2: $ Millions | BQ2: $ Millions | BR2: $ Millions | BS2: $ Millions | BT2: $ Millions | BU2: $ Millions | BV2: $ Millions | BW2: $ Millions | BX2: $ Millions | BY2: $ Millions | BZ2: $ Millions | CA2: $ Millions
A3: Series ID | B3: A1827804K | C3: A1827805L | D3: A1827806R | E3: A1827807T | F3: A1827808V | G3: A1827809W | H3: A1827810F | I3: A1827811J | J3: A1827812K | K3: A1827813L | L3: A1827814R | M3: A1827815T | N3: A1827816V | O3: A1827817W | P3: A1827818X | Q3: A1827819A | R3: A1827820K | S3: A1827821L | T3: A1827822R | U3: A1827823T | V3: A1827824V | W3: A1827825W | X3: A1827826X | Y3: A1827827A | Z3: A1827828C | AA3: A1827829F | AB3: A1827830R | AC3: A1827831T | AD3: A1827832V | AE3: A1827833W | AF3: A1827834X | AG3: A1827835A | AH3: A1827836C | AI3: A1827837F | AJ3: A1827838J | AK3: A1827839K | AL3: A1827840V | AM3: A1827841W | AN3: A1827842X | AO3: A1827843A | AP3: A1827844C | AQ3: A1827845F | AR3: A1827846J | AS3: A1827847K | AT3: A1827848L | AU3: A1827849R | AV3: A1827850X | AW3: A1827851A | AX3: A1827852C | AY3: A1827853F | AZ3: A1827854J | BA3: A1827855K | BB3: A1827856L | BC3: A1827857R | BD3: A1827858T | BE3: A1827859V | BF3: A1827860C | BG3: A1827861F | BH3: A1827862J | BI3: A1827863K | BJ3: A1827864L | BK3: A1827865R | BL3: A1827866T | BM3: A1827867V | BN3: A1827868W | BO3: A1827869X | BP3: A1827870J | BQ3: A1827871K | BR3: A1827872L | BS3: A1827873R | BT3: A1827874T | BU3: A1827875V | BV3: A1827876W | BW3: A1827877X | BX3: A1827878A | BY3: A1827879C | BZ3: A1827880L | CA3: A1827881R
A4: Y1988 | B4: 7903 | C4: 322 | D4: 2423 | E4: 529 | F4: 663 | G4: 2071 | H4: 604 | I4: 859 | J4: 68 | K4: 273 | L4: 91 | M4: 272 | N4: 250 | O4: 22 | P4: 13373 | Q4: 614 | R4: 63 | S4: 10 | T4: 439 | U4: 37 | V4: 6270 | W4: 221 | X4: 5595 | Y4: 124 | Z4: 6461 | AA4: 4636 | AB4: 1615 | AC4: 210 | AD4: 146 | AE4: 122 | AF4: 14 | AG4: 10 | AH4: 1041 | AI4: 102 | AJ4: 86 | AK4: 109 | AL4: 229 | AM4: 89 | AN4: 9 | AO4: 157 | AP4: 61 | AQ4: 199 | AR4: 5344 | AS4: 165 | AT4: 72 | AU4: 15 | AV4: 116 | AW4: 148 | AX4: 318 | AY4: 501 | AZ4: 3703 | BA4: 306 | BB4: 2744 | BC4: 366 | BD4: 336 | BE4: 39 | BF4: 322 | BG4: 406 | BH4: 142 | BI4: 280 | BJ4: 392 | BK4: 461 | BL4: 1075 | BM4: 31 | BN4: 36 | BO4: 2 | BP4: 65 | BQ4: 14 | BR4: 196 | BS4: 277 | BT4: 454 | BU4: 4006 | BV4: 156 | BW4: 196 | BX4: 1 | BY4: 2674 | BZ4: 979 | CA4: 42365
A5: Y1989 | B5: 9487 | C5: 244 | D5: 2639 | E5: 682 | F5: 646 | G5: 3205 | H5: 514 | I5: 1128 | J5: 65 | K5: 267 | L5: 97 | M5: 228 | N5: 211 | O5: 17 | P5: 14124 | Q5: 515 | R5: 44 | S5: 14 | T5: 409 | U5: 33 | V5: 5642 | W5: 206 | X5: 7128 | Y5: 133 | Z5: 7234 | AA5: 5314 | AB5: 1660 | AC5: 260 | AD5: 111 | AE5: 100 | AF5: 1 | AG5: 10 | AH5: 1174 | AI5: 90 | AJ5: 117 | AK5: 236 | AL5: 246 | AM5: 92 | AN5: 9 | AO5: 145 | AP5: 57 | AQ5: 182 | AR5: 6063 | AS5: 151 | AT5: 62 | AU5: 13 | AV5: 137 | AW5: 168 | AX5: 447 | AY5: 584 | AZ5: 4153 | BA5: 348 | BB5: 3286 | BC5: 378 | BD5: 382 | BE5: 54 | BF5: 351 | BG5: 480 | BH5: 219 | BI5: 327 | BJ5: 508 | BK5: 587 | BL5: 1257 | BM5: 28 | BN5: 35 | BO5: 3 | BP5: 88 | BQ5: 23 | BR5: 241 | BS5: 250 | BT5: 589 | BU5: 4035 | BV5: 153 | BW5: 205 | BX5: 0 | BY5: 2590 | BZ5: 1087 | CA5: 46999
A6: Y1990 | B6: 9726 | C6: 163 | D6: 3090 | E6: 676 | F6: 676 | G6: 3014 | H6: 581 | I6: 1101 | J6: 82 | K6: 238 | L6: 105 | M6: 285 | N6: 266 | O6: 19 | P6: 13461 | Q6: 528 | R6: 51 | S6: 8 | T6: 402 | U6: 21 | V6: 3939 | W6: 240 | X6: 8113 | Y6: 159 | Z6: 9596 | AA6: 6024 | AB6: 2882 | AC6: 690 | AD6: 126 | AE6: 113 | AF6: 1 | AG6: 12 | AH6: 1295 | AI6: 106 | AJ6: 175 | AK6: 221 | AL6: 293 | AM6: 105 | AN6: 12 | AO6: 136 | AP6: 76 | AQ6: 171 | AR6: 6257 | AS6: 180 | AT6: 67 | AU6: 33 | AV6: 168 | AW6: 196 | AX6: 464 | AY6: 909 | AZ6: 3833 | BA6: 407 | BB6: 4117 | BC6: 490 | BD6: 459 | BE6: 80 | BF6: 430 | BG6: 635 | BH6: 291 | BI6: 413 | BJ6: 736 | BK6: 583 | BL6: 1306 | BM6: 37 | BN6: 42 | BO6: 5 | BP6: 125 | BQ6: 22 | BR6: 252 | BS6: 241 | BT6: 582 | BU6: 4723 | BV6: 186 | BW6: 250 | BX6: 2 | BY6: 3440 | BZ6: 845 | CA6: 50892
A7: Y1991 | B7: 9311 | C7: 182 | D7: 3239 | E7: 793 | F7: 739 | G7: 2411 | H7: 651 | I7: 765 | J7: 92 | K7: 304 | L7: 135 | M7: 334 | N7: 313 | O7: 21 | P7: 13673 | Q7: 346 | R7: 59 | S7: 8 | T7: 461 | U7: 20 | V7: 4371 | W7: 290 | X7: 7955 | Y7: 163 | Z7: 10877 | AA7: 6857 | AB7: 2915 | AC7: 1105 | AD7: 136 | AE7: 117 | AF7: 1 | AG7: 18 | AH7: 1531 | AI7: 106 | AJ7: 253 | AK7: 188 | AL7: 381 | AM7: 125 | AN7: 17 | AO7: 181 | AP7: 82 | AQ7: 198 | AR7: 6484 | AS7: 187 | AT7: 67 | AU7: 50 | AV7: 209 | AW7: 218 | AX7: 556 | AY7: 1027 | AZ7: 3621 | BA7: 549 | BB7: 4862 | BC7: 566 | BD7: 523 | BE7: 79 | BF7: 511 | BG7: 808 | BH7: 317 | BI7: 542 | BJ7: 820 | BK7: 696 | BL7: 1423 | BM7: 38 | BN7: 36 | BO7: 2 | BP7: 142 | BQ7: 30 | BR7: 311 | BS7: 260 | BT7: 604 | BU7: 5074 | BV7: 197 | BW7: 321 | BX7: 0 | BY7: 3702 | BZ7: 854 | CA7: 53705
A8: Y1992 | B8: 10585 | C8: 226 | D8: 3669 | E8: 957 | F8: 913 | G8: 2449 | H8: 825 | I8: 888 | J8: 112 | K8: 405 | L8: 141 | M8: 377 | N8: 355 | O8: 22 | P8: 13497 | Q8: 398 | R8: 61 | S8: 11 | T8: 419 | U8: 9 | V8: 4539 | W8: 328 | X8: 7539 | Y8: 193 | Z8: 11612 | AA8: 7345 | AB8: 3123 | AC8: 1144 | AD8: 154 | AE8: 131 | AF8: 1 | AG8: 22 | AH8: 1817 | AI8: 77 | AJ8: 195 | AK8: 297 | AL8: 517 | AM8: 155 | AN8: 15 | AO8: 192 | AP8: 94 | AQ8: 275 | AR8: 7078 | AS8: 259 | AT8: 98 | AU8: 61 | AV8: 247 | AW8: 268 | AX8: 603 | AY8: 1179 | AZ8: 3816 | BA8: 547 | BB8: 5721 | BC8: 614 | BD8: 629 | BE8: 95 | BF8: 618 | BG8: 904 | BH8: 401 | BI8: 656 | BJ8: 887 | BK8: 917 | BL8: 1772 | BM8: 91 | BN8: 45 | BO8: 4 | BP8: 175 | BQ8: 36 | BR8: 367 | BS8: 338 | BT8: 716 | BU8: 5759 | BV8: 203 | BW8: 289 | BX8: 0 | BY8: 4476 | BZ8: 791 | CA8: 58372
A9: Y1993 | B9: 12435 | C9: 289 | D9: 3958 | E9: 1169 | F9: 1058 | G9: 3102 | H9: 912 | I9: 1210 | J9: 146 | K9: 430 | L9: 161 | M9: 492 | N9: 457 | O9: 35 | P9: 12753 | Q9: 378 | R9: 84 | S9: 10 | T9: 531 | U9: 13 | V9: 3662 | W9: 370 | X9: 7499 | Y9: 206 | Z9: 11983 | AA9: 7798 | AB9: 2964 | AC9: 1221 | AD9: 209 | AE9: 173 | AF9: 2 | AG9: 34 | AH9: 2189 | AI9: 83 | AJ9: 221 | AK9: 354 | AL9: 639 | AM9: 191 | AN9: 14 | AO9: 211 | AP9: 111 | AQ9: 365 | AR9: 7575 | AS9: 327 | AT9: 117 | AU9: 88 | AV9: 253 | AW9: 355 | AX9: 580 | AY9: 1380 | AZ9: 3895 | BA9: 580 | BB9: 7020 | BC9: 624 | BD9: 801 | BE9: 97 | BF9: 817 | BG9: 1169 | BH9: 436 | BI9: 886 | BJ9: 1096 | BK9: 1094 | BL9: 2000 | BM9: 46 | BN9: 75 | BO9: 10 | BP9: 222 | BQ9: 52 | BR9: 388 | BS9: 445 | BT9: 762 | BU9: 6093 | BV9: 295 | BW9: 222 | BX9: 0 | BY9: 4683 | BZ9: 893 | CA9: 62749
A10: Y1994 | B10: 13394 | C10: 359 | D10: 3799 | E10: 1423 | F10: 1092 | G10: 3340 | H10: 926 | I10: 1672 | J10: 173 | K10: 403 | L10: 207 | M10: 531 | N10: 493 | O10: 38 | P10: 13074 | Q10: 452 | R10: 128 | S10: 12 | T10: 531 | U10: 27 | V10: 4287 | W10: 352 | X10: 7074 | Y10: 211 | Z10: 10671 | AA10: 6750 | AB10: 2705 | AC10: 1216 | AD10: 223 | AE10: 184 | AF10: 7 | AG10: 32 | AH10: 2467 | AI10: 85 | AJ10: 277 | AK10: 372 | AL10: 729 | AM10: 235 | AN10: 23 | AO10: 209 | AP10: 123 | AQ10: 414 | AR10: 8280 | AS10: 426 | AT10: 126 | AU10: 89 | AV10: 253 | AW10: 417 | AX10: 787 | AY10: 1505 | AZ10: 3994 | BA10: 683 | BB10: 7606 | BC10: 602 | BD10: 806 | BE10: 120 | BF10: 935 | BG10: 1509 | BH10: 689 | BI10: 1088 | BJ10: 1014 | BK10: 843 | BL10: 2235 | BM10: 48 | BN10: 75 | BO10: 13 | BP10: 288 | BQ10: 56 | BR10: 444 | BS10: 483 | BT10: 828 | BU10: 6281 | BV10: 381 | BW10: 246 | BX10: 0 | BY10: 4671 | BZ10: 983 | CA10: 64762
A11: Y1995 | B11: 13073 | C11: 576 | D11: 3539 | E11: 1495 | F11: 1160 | G11: 2689 | H11: 921 | I11: 1877 | J11: 181 | K11: 412 | L11: 223 | M11: 585 | N11: 542 | O11: 43 | P11: 14647 | Q11: 492 | R11: 122 | S11: 13 | T11: 647 | U11: 47 | V11: 4404 | W11: 427 | X11: 8270 | Y11: 225 | Z11: 11980 | AA11: 7433 | AB11: 3029 | AC11: 1518 | AD11: 256 | AE11: 216 | AF11: 2 | AG11: 38 | AH11: 2908 | AI11: 80 | AJ11: 356 | AK11: 425 | AL11: 834 | AM11: 279 | AN11: 29 | AO11: 340 | AP11: 159 | AQ11: 406 | AR11: 9791 | AS11: 504 | AT11: 151 | AU11: 103 | AV11: 280 | AW11: 518 | AX11: 680 | AY11: 1767 | AZ11: 5094 | BA11: 694 | BB11: 9164 | BC11: 799 | BD11: 1063 | BE11: 142 | BF11: 1015 | BG11: 1753 | BH11: 689 | BI11: 1359 | BJ11: 1126 | BK11: 1218 | BL11: 2496 | BM11: 65 | BN11: 86 | BO11: 12 | BP11: 302 | BQ11: 63 | BR11: 469 | BS11: 530 | BT11: 969 | BU11: 6785 | BV11: 424 | BW11: 163 | BX11: 0 | BY11: 5263 | BZ11: 935 | CA11: 71685
A12: Y1996 | B12: 15804 | C12: 659 | D12: 2892 | E12: 1760 | F12: 1050 | G12: 5761 | H12: 1084 | I12: 1649 | J12: 196 | K12: 500 | L12: 253 | M12: 740 | N12: 677 | O12: 63 | P12: 15023 | Q12: 496 | R12: 218 | S12: 12 | T12: 621 | U12: 14 | V12: 4285 | W12: 384 | X12: 8771 | Y12: 222 | Z12: 13002 | AA12: 7818 | AB12: 3508 | AC12: 1676 | AD12: 237 | AE12: 194 | AF12: 10 | AG12: 33 | AH12: 3001 | AI12: 91 | AJ12: 333 | AK12: 420 | AL12: 942 | AM12: 300 | AN12: 23 | AO12: 299 | AP12: 153 | AQ12: 440 | AR12: 9429 | AS12: 471 | AT12: 159 | AU12: 109 | AV12: 343 | AW12: 566 | AX12: 770 | AY12: 1623 | AZ12: 4619 | BA12: 769 | BB12: 9955 | BC12: 878 | BD12: 1089 | BE12: 200 | BF12: 1219 | BG12: 1781 | BH12: 655 | BI12: 1347 | BJ12: 1538 | BK12: 1248 | BL12: 2813 | BM12: 85 | BN12: 99 | BO12: 14 | BP12: 339 | BQ12: 64 | BR12: 596 | BS12: 578 | BT12: 1038 | BU12: 6987 | BV12: 508 | BW12: 126 | BX12: 0 | BY12: 5236 | BZ12: 1117 | CA12: 76991
A13: Y1997 | B13: 17197 | C13: 743 | D13: 3442 | E13: 1834 | F13: 1203 | G13: 6042 | H13: 1156 | I13: 1723 | J13: 193 | K13: 558 | L13: 303 | M13: 890 | N13: 835 | O13: 55 | P13: 17150 | Q13: 546 | R13: 255 | S13: 11 | T13: 683 | U13: 19 | V13: 5225 | W13: 383 | X13: 9801 | Y13: 227 | Z13: 14966 | AA13: 8821 | AB13: 4102 | AC13: 2043 | AD13: 270 | AE13: 196 | AF13: 30 | AG13: 44 | AH13: 3213 | AI13: 143 | AJ13: 328 | AK13: 439 | AL13: 1058 | AM13: 298 | AN13: 21 | AO13: 318 | AP13: 162 | AQ13: 446 | AR13: 9917 | AS13: 510 | AT13: 163 | AU13: 107 | AV13: 416 | AW13: 626 | AX13: 783 | AY13: 1666 | AZ13: 4897 | BA13: 749 | BB13: 11314 | BC13: 1035 | BD13: 1189 | BE13: 221 | BF13: 1146 | BG13: 1674 | BH13: 987 | BI13: 1262 | BJ13: 1869 | BK13: 1931 | BL13: 3051 | BM13: 87 | BN13: 97 | BO13: 14 | BP13: 376 | BQ13: 59 | BR13: 710 | BS13: 665 | BT13: 1043 | BU13: 6802 | BV13: 530 | BW13: 128 | BX13: 1 | BY13: 4923 | BZ13: 1220 | CA13: 84770
A14: Y1998 | B14: 15152 | C14: 567 | D14: 3911 | E14: 2142 | F14: 1178 | G14: 5017 | H14: 1135 | I14: 180 | J14: 176 | K14: 545 | L14: 301 | M14: 1154 | N14: 1084 | O14: 70 | P14: 17908 | Q14: 510 | R14: 452 | S14: 10 | T14: 699 | U14: 22 | V14: 4503 | W14: 449 | X14: 11015 | Y14: 248 | Z14: 15078 | AA14: 9849 | AB14: 3374 | AC14: 1855 | AD14: 385 | AE14: 265 | AF14: 70 | AG14: 50 | AH14: 3388 | AI14: 139 | AJ14: 316 | AK14: 525 | AL14: 1225 | AM14: 283 | AN14: 32 | AO14: 237 | AP14: 164 | AQ14: 467 | AR14: 10428 | AS14: 497 | AT14: 169 | AU14: 104 | AV14: 421 | AW14: 593 | AX14: 698 | AY14: 1826 | AZ14: 5418 | BA14: 702 | BB14: 10656 | BC14: 808 | BD14: 1365 | BE14: 181 | BF14: 1034 | BG14: 1565 | BH14: 862 | BI14: 1277 | BJ14: 1863 | BK14: 1701 | BL14: 3345 | BM14: 85 | BN14: 98 | BO14: 12 | BP14: 365 | BQ14: 62 | BR14: 872 | BS14: 671 | BT14: 1180 | BU14: 11493 | BV14: 766 | BW14: 135 | BX14: 2 | BY14: 7642 | BZ14: 2948 | CA14: 88987
A15: Y1999 | B15: 15878 | C15: 698 | D15: 4163 | E15: 2209 | F15: 1387 | G15: 4882 | H15: 1192 | I15: 164 | J15: 213 | K15: 626 | L15: 344 | M15: 1402 | N15: 1345 | O15: 57 | P15: 16669 | Q15: 343 | R15: 777 | S15: 13 | T15: 698 | U15: 30 | V15: 3972 | W15: 415 | X15: 10164 | Y15: 257 | Z15: 14460 | AA15: 8406 | AB15: 4174 | AC15: 1880 | AD15: 328 | AE15: 226 | AF15: 51 | AG15: 51 | AH15: 3855 | AI15: 159 | AJ15: 380 | AK15: 524 | AL15: 1481 | AM15: 334 | AN15: 31 | AO15: 232 | AP15: 178 | AQ15: 536 | AR15: 10684 | AS15: 430 | AT15: 180 | AU15: 138 | AV15: 470 | AW15: 604 | AX15: 868 | AY15: 1362 | AZ15: 5974 | BA15: 658 | BB15: 10988 | BC15: 793 | BD15: 1096 | BE15: 197 | BF15: 1029 | BG15: 1405 | BH15: 906 | BI15: 1298 | BJ15: 2441 | BK15: 1823 | BL15: 3618 | BM15: 77 | BN15: 127 | BO15: 12 | BP15: 331 | BQ15: 63 | BR15: 1004 | BS15: 784 | BT15: 1220 | BU15: 9018 | BV15: 1807 | BW15: 98 | BX15: 8 | BY15: 4810 | BZ15: 2295 | CA15: 86900
... A39: Y2023 | B39: 54927 | C39: 1239 | D39: 17910 | E39: 3010 | F39: 1351 | G39: 20643 | H39: 5915 | I39: 294 | J39: 497 | K39: 1746 | L39: 2322 | M39: 2569 | N39: 2545 | O39: 24 | P39: 202833 | Q39: 454 | R39: 5507 | S39: 14 | T39: 1442 | U39: 206 | V39: 7452 | W39: 19318 | X39: 167787 | Y39: 653 | Z39: 194429 | AA39: 101958 | AB39: 15802 | AC39: 76669 | AD39: 1610 | AE39: 1052 | AF39: 422 | AG39: 136 | AH39: 11510 | AI39: 223 | AJ39: 1263 | AK39: 924 | AL39: 4753 | AM39: 1695 | AN39: 338 | AO39: 266 | AP39: 387 | AQ39: 1661 | AR39: 19417 | AS39: 111 | AT39: 398 | AU39: 99 | AV39: 893 | AW39: 366 | AX39: 858 | AY39: 1166 | AZ39: 14075 | BA39: 1451 | BB39: 18668 | BC39: 1303 | BD39: 2127 | BE39: 273 | BF39: 3059 | BG39: 1488 | BH39: 2683 | BI39: 2963 | BJ39: 2190 | BK39: 2582 | BL39: 10537 | BM39: 170 | BN39: 189 | BO39: 189 | BP39: 702 | BQ39: 183 | BR39: 4878 | BS39: 578 | BT39: 3648 | BU39: 41294 | BV39: 616 | BW39: 2011 | BX39: 11 | BY39: 28353 | BZ39: 10303 | CA39: 557794
A40: Export | B40: 0 Food and live animals ; | C40: 00 Live animals (excl. fish (not marine mammals) crustaceans, molluscs and aquatic invertebrates of SITC Division 03) ; | D40: 01 Meat and meat preparations ; | E40: 02 Dairy products and birds’ eggs ; | F40: 03 Fish (excl. marine mammals) crustaceans, molluscs and aquatic invertebrates, and preparations thereof (excl. extracts and juices of fish, crustaceans, molluscs or other aquatic invertebrates, prepared or preserved of SITC 01710) ; | G40: 04 Cereals and cereal preparations ; | H40: 05 Vegetables and fruit ; | I40: 06 Sugars, sugar preparations and honey ; | J40: 07 Coffee, tea, cocoa, spices, and manufactures thereof ; | K40: 08 Feeding stuff for animals (excl. unmilled cereals) ; | L40: 09 Miscellaneous edible products and preparations ; | M40: 1 Beverages and tobacco ; | N40: 11 Beverages ; | O40: 12 Tobacco and tobacco manufactures ; | P40: 2 Crude materials, inedible, except fuels ; | Q40: 21 Hides, skins and furskins, raw ; | R40: 22 Oil-seeds and oleaginous fruits ; | S40: 23 Crude rubber (incl. synthetic and reclaimed) ; | T40: 24 Cork and wood ; | U40: 25 Pulp and waste paper ; | V40: 26 Textile fibres (excl. wool tops and other combed wool) and their wastes, not manufactured into yarn or fabric ; | W40: 27 Crude fertilizers (excl. those of Division 56) and crude minerals (excl. coal, petroleum and precious stones) ; | X40: 28 Metalliferous ores and metal scrap ; | Y40: 29 Crude animal and vegetable materials, nes ; | Z40: 3 Mineral fuels, lubricants and related materials ; | AA40: 31 Coal, coke and briquettes ; | AB40: 32 Petroleum, petroleum products and related materials ; | AC40: 33 Gas, natural and manufactured ; | AD40: 4 Animal and vegetable oils, fats and waxes ; | AE40: 41 Animal oils and fats ; | AF40: 42 Fixed vegetable fats and oils, crude, refined or fractionated ; | AG40: 43 Animal or vegetable fats and oils, processed; waxes of animal or vegetable origin; inedible mixtures or preparations of animal or vegetable fats or oils, nes ; | AH40: 5 Chemicals and related products, nes ; | AI40: 51 Organic chemicals ; | AJ40: 52 Inorganic chemicals ; | AK40: 53 Dyeing, tanning and colouring materials ; | AL40: 54 Medicinal and pharmaceutical products ; | AM40: 55 Essential oils and resinoids and perfume materials; toilet, polishing and cleansing preparations ; | AN40: 56 Fertilisers (excl. those of group 272) ; | AO40: 57 Plastics in primary forms ; | AP40: 58 Plastics in non-primary forms ; | AQ40: 59 Chemical materials and products, nes ; | AR40: 6 Manufactured goods classified chiefly by material ; | AS40: 61 Leather, leather manufactures, nes, and dressed furskins ; | AT40: 62 Rubber manufactures, nes ; | AU40: 63 Cork and wood manufactures (excl. furniture) ; | AV40: 64 Paper, paperboard and articles of paper pulp, of paper or of paperboard ; | AW40: 65 Textile yarn, fabrics, made-up articles nes, and related products ; | AX40: 66 Non-metallic mineral manufactures, nes ; | AY40: 67 Iron and steel ; | AZ40: 68 Non-ferrous metals ; | BA40: 69 Manufactures of metals, nes ; | BB40: 7 Machinery and transport equipment ; | BC40: 71 Power generating machinery and equipment ; | BD40: 72 Machinery specialized for particular industries ; | BE40: 73 Metalworking machinery ; | BF40: 74 General industrial machinery and equipment, nes, and machine parts, nes ; | BG40: 75 Office machines and automatic data processing machines ; | BH40: 76 Telecommunications and sound recording and reproducing apparatus and equipment ; | BI40: 77 Electrical machinery, apparatus and appliances, nes, and electrical parts thereof (incl. non electrical counterparts, nes, of electrical household type equipment) ; | BJ40: 78 Road vehicles (incl. air-cushion vehicles) ; | BK40: 79 Transport equipment (excl. road vehicles) ; | BL40: 8 Miscellaneous manufactured articles ; | BM40: 81 Prefabricated buildings and sanitary, plumbing, heating and lighting fixtures and fittings, nes ; | BN40: 82 Furniture and parts thereof; bedding, mattresses, mattress supports, cushions and similar stuffed furnishings ; | BO40: 83 Travel goods, handbags and similar containers ; | BP40: 84 Articles of apparel and clothing accessories ; | BQ40: 85 Footwear ; | BR40: 87 Professional, scientific and controlling instruments and apparatus, nes ; | BS40: 88 Photographic apparatus, equipment and supplies and optical goods, nes; watches and clocks ; | BT40: 89 Miscellaneous manufactured articles, nes ; | BU40: 9 Commodities and transactions not classified elsewhere in the SITC ; | BV40: 91 Special transactions and commodities not classified according to kind ; | BW40: 92 Gold coin whether or not legal tender, and other coin being legal tender ; | BX40: 93 Coin (excl. gold coin) not being legal tender ; | BY40: 94 Gold, non-monetary (excl. gold ores and concentrates) ; | BZ40: 95 Combined confidential items excluding some of SITC 28099 (exports only) and some of SITC 51099 (imports only) ; | CA40: -1 TOTAL ;
A41: Unit | B41: $ Millions | C41: $ Millions | D41: $ Millions | E41: $ Millions | F41: $ Millions | G41: $ Millions | H41: $ Millions | I41: $ Millions | J41: $ Millions | K41: $ Millions | L41: $ Millions | M41: $ Millions | N41: $ Millions | O41: $ Millions | P41: $ Millions | Q41: $ Millions | R41: $ Millions | S41: $ Millions | T41: $ Millions | U41: $ Millions | V41: $ Millions | W41: $ Millions | X41: $ Millions | Y41: $ Millions | Z41: $ Millions | AA41: $ Millions | AB41: $ Millions | AC41: $ Millions | AD41: $ Millions | AE41: $ Millions | AF41: $ Millions | AG41: $ Millions | AH41: $ Millions | AI41: $ Millions | AJ41: $ Millions | AK41: $ Millions | AL41: $ Millions | AM41: $ Millions | AN41: $ Millions | AO41: $ Millions | AP41: $ Millions | AQ41: $ Millions | AR41: $ Millions | AS41: $ Millions | AT41: $ Millions | AU41: $ Millions | AV41: $ Millions | AW41: $ Millions | AX41: $ Millions | AY41: $ Millions | AZ41: $ Millions | BA41: $ Millions | BB41: $ Millions | BC41: $ Millions | BD41: $ Millions | BE41: $ Millions | BF41: $ Millions | BG41: $ Millions | BH41: $ Millions | BI41: $ Millions | BJ41: $ Millions | BK41: $ Millions | BL41: $ Millions | BM41: $ Millions | BN41: $ Millions | BO41: $ Millions | BP41: $ Millions | BQ41: $ Millions | BR41: $ Millions | BS41: $ Millions | BT41: $ Millions | BU41: $ Millions | BV41: $ Millions | BW41: $ Millions | BX41: $ Millions | BY41: $ Millions | BZ41: $ Millions | CA41: $ Millions
A42: Series ID | B42: A1827804K | C42: A1827805L | D42: A1827806R | E42: A1827807T | F42: A1827808V | G42: A1827809W | H42: A1827810F | I42: A1827811J | J42: A1827812K | K42: A1827813L | L42: A1827814R | M42: A1827815T | N42: A1827816V | O42: A1827817W | P42: A1827818X | Q42: A1827819A | R42: A1827820K | S42: A1827821L | T42: A1827822R | U42: A1827823T | V42: A1827824V | W42: A1827825W | X42: A1827826X | Y42: A1827827A | Z42: A1827828C | AA42: A1827829F | AB42: A1827830R | AC42: A1827831T | AD42: A1827832V | AE42: A1827833W | AF42: A1827834X | AG42: A1827835A | AH42: A1827836C | AI42: A1827837F | AJ42: A1827838J | AK42: A1827839K | AL42: A1827840V | AM42: A1827841W | AN42: A1827842X | AO42: A1827843A | AP42: A1827844C | AQ42: A1827845F | AR42: A1827846J | AS42: A1827847K | AT42: A1827848L | AU42: A1827849R | AV42: A1827850X | AW42: A1827851A | AX42: A1827852C | AY42: A1827853F | AZ42: A1827854J | BA42: A1827855K | BB42: A1827856L | BC42: A1827857R | BD42: A1827858T | BE42: A1827859V | BF42: A1827860C | BG42: A1827861F | BH42: A1827862J | BI42: A1827863K | BJ42: A1827864L | BK42: A1827865R | BL42: A1827866T | BM42: A1827867V | BN42: A1827868W | BO42: A1827869X | BP42: A1827870J | BQ42: A1827871K | BR42: A1827872L | BS42: A1827873R | BT42: A1827874T | BU42: A1827875V | BV42: A1827876W | BW42: A1827877X | BX42: A1827878A | BY42: A1827879C | BZ42: A1827880L | CA42: A1827881R
A43: =A4 -> Y1988 | B43: =IFERROR(B4/$CA4,0) -> 0.1865455 | C43: =IFERROR(C4/$B4,0) -> 0.040744021 | D43: =IFERROR(D4/$B4,0) -> 0.30659243 | E43: =IFERROR(E4/$B4,0) -> 0.066936606 | F43: =IFERROR(F4/$B4,0) -> 0.083892193 | G43: =IFERROR(G4/$B4,0) -> 0.26205239 | H43: =IFERROR(H4/$B4,0) -> 0.076426673 | I43: =IFERROR(I4/$B4,0) -> 0.1086929 | J43: =IFERROR(J4/$B4,0) -> 0.0086043275 | ... L43: =IFERROR(L4/$B4,0) -> 0.011514615 | M43: =IFERROR(M4/$CA4,0) -> 0.0064203942 | N43: =IFERROR(N4/$M4,0) -> 0.91911765 | O43: =IFERROR(O4/$M4,0) -> 0.080882353 | P43: =IFERROR(P4/$CA4,0) -> 0.31566151 | Q43: =IFERROR(Q4/$P4,0) -> 0.045913408 | R43: =IFERROR(R4/$P4,0) -> 0.0047109848 | S43: =IFERROR(S4/$P4,0) -> 0.00074777537 | T43: =IFERROR(T4/$P4,0) -> 0.032827339 | U43: =IFERROR(U4/$P4,0) -> 0.0027667689 | V43: =IFERROR(V4/$P4,0) -> 0.46885516 | W43: =IFERROR(W4/$P4,0) -> 0.016525836 | X43: =IFERROR(X4/$P4,0) -> 0.41838032 | Y43: =IFERROR(Y4/$P4,0) -> 0.0092724146 | Z43: =IFERROR(Z4/$CA4,0) -> 0.15250797 | AA43: =IFERROR(AA4/$Z4,0) -> 0.71753599 | AB43: =IFERROR(AB4/$Z4,0) -> 0.24996131 | AC43: =IFERROR(AC4/$Z4,0) -> 0.032502709 | AD43: =IFERROR(AD4/$CA4,0) -> 0.003446241 | AE43: =IFERROR(AE4/$AD4,0) -> 0.83561644 | AF43: =IFERROR(AF4/$AD4,0) -> 0.095890411 | AG43: =IFERROR(AG4/$AD4,0) -> 0.068493151 | AH43: =IFERROR(AH4/$CA4,0) -> 0.02457217 | AI43: =IFERROR(AI4/$AH4,0) -> 0.097982709 | AJ43: =IFERROR(AJ4/$AH4,0) -> 0.082612872 | AK43: =IFERROR(AK4/$AH4,0) -> 0.10470701 | AL43: =IFERROR(AL4/$AH4,0) -> 0.21998079 | AM43: =IFERROR(AM4/$AH4,0) -> 0.085494717 | AN43: =IFERROR(AN4/$AH4,0) -> 0.0086455331 | AO43: =IFERROR(AO4/$AH4,0) -> 0.15081652 | AP43: =IFERROR(AP4/$AH4,0) -> 0.058597502 | AQ43: =IFERROR(AQ4/$AH4,0) -> 0.19116234 | AR43: =IFERROR(AR4/$CA4,0) -> 0.12614186 | AS43: =IFERROR(AS4/$AR4,0) -> 0.030875749 | AT43: =IFERROR(AT4/$AR4,0) -> 0.013473054 | AU43: =IFERROR(AU4/$AR4,0) -> 0.0028068862 | AV43: =IFERROR(AV4/$AR4,0) -> 0.021706587 | AW43: =IFERROR(AW4/$AR4,0) -> 0.027694611 | AX43: =IFERROR(AX4/$AR4,0) -> 0.059505988 | AY43: =IFERROR(AY4/$AR4,0) -> 0.09375 | AZ43: =IFERROR(AZ4/$AR4,0) -> 0.69292665 | BA43: =IFERROR(BA4/$AR4,0) -> 0.057260479 | BB43: =IFERROR(BB4/$CA4,0) -> 0.064770447 | BC43: =IFERROR(BC4/$BB4,0) -> 0.13338192 | BD43: =IFERROR(BD4/$BB4,0) -> 0.12244898 | BE43: =IFERROR(BE4/$BB4,0) -> 0.014212828 | BF43: =IFERROR(BF4/$BB4,0) -> 0.11734694 | BG43: =IFERROR(BG4/$BB4,0) -> 0.14795918 | BH43: =IFERROR(BH4/$BB4,0) -> 0.051749271 | BI43: =IFERROR(BI4/$BB4,0) -> 0.10204082 | BJ43: =IFERROR(BJ4/$BB4,0) -> 0.14285714 | BK43: =IFERROR(BK4/$BB4,0) -> 0.16800292 | BL43: =IFERROR(BL4/$CA4,0) -> 0.02537472 | BM43: =IFERROR(BM4/$BL4,0) -> 0.028837209 | BN43: =IFERROR(BN4/$BL4,0) -> 0.033488372 | BO43: =IFERROR(BO4/$BL4,0) -> 0.0018604651 | BP43: =IFERROR(BP4/$BL4,0) -> 0.060465116 | BQ43: =IFERROR(BQ4/$BL4,0) -> 0.013023256 | BR43: =IFERROR(BR4/$BL4,0) -> 0.18232558 | BS43: =IFERROR(BS4/$BL4,0) -> 0.25767442 | BT43: =IFERROR(BT4/$BL4,0) -> 0.42232558 | BU43: =IFERROR(BU4/$CA4,0) -> 0.094559188 | BV43: =IFERROR(BV4/$BU4,0) -> 0.038941588 | BW43: =IFERROR(BW4/$BU4,0) -> 0.04892661 | BX43: =IFERROR(BX4/$BU4,0) -> 0.00024962556 | BY43: =IFERROR(BY4/$BU4,0) -> 0.66749875 | BZ43: =IFERROR(BZ4/$BU4,0) -> 0.24438342 | CA43: =B43+M43+P43+Z43+AD43+AH43+AR43+BB43+BL43+BU43 -> 1
A44: =A5 -> Y1989 | B44: =IFERROR(B5/$CA5,0) -> 0.20185536 | C44: =IFERROR(C5/$B5,0) -> 0.025719406 | D44: =IFERROR(D5/$B5,0) -> 0.27817013 | E44: =IFERROR(E5/$B5,0) -> 0.071887847 | F44: =IFERROR(F5/$B5,0) -> 0.06809318 | G44: =IFERROR(G5/$B5,0) -> 0.33783072 | H44: =IFERROR(H5/$B5,0) -> 0.054179403 | I44: =IFERROR(I5/$B5,0) -> 0.11889955 | J44: =IFERROR(J5/$B5,0) -> 0.006851481 | ... L44: =IFERROR(L5/$B5,0) -> 0.010224518 | M44: =IFERROR(M5/$CA5,0) -> 0.004851167 | N44: =IFERROR(N5/$M5,0) -> 0.9254386 | O44: =IFERROR(O5/$M5,0) -> 0.074561404 | P44: =IFERROR(P5/$CA5,0) -> 0.30051703 | Q44: =IFERROR(Q5/$P5,0) -> 0.036462758 | R44: =IFERROR(R5/$P5,0) -> 0.0031152648 | S44: =IFERROR(S5/$P5,0) -> 0.00099122062 | T44: =IFERROR(T5/$P5,0) -> 0.028957802 | U44: =IFERROR(U5/$P5,0) -> 0.0023364486 | V44: =IFERROR(V5/$P5,0) -> 0.39946191 | W44: =IFERROR(W5/$P5,0) -> 0.014585103 | X44: =IFERROR(X5/$P5,0) -> 0.5046729 | Y44: =IFERROR(Y5/$P5,0) -> 0.0094165959 | Z44: =IFERROR(Z5/$CA5,0) -> 0.15391817 | AA44: =IFERROR(AA5/$Z5,0) -> 0.73458667 | AB44: =IFERROR(AB5/$Z5,0) -> 0.22947194 | AC44: =IFERROR(AC5/$Z5,0) -> 0.035941388 | AD44: =IFERROR(AD5/$CA5,0) -> 0.0023617524 | AE44: =IFERROR(AE5/$AD5,0) -> 0.9009009 | AF44: =IFERROR(AF5/$AD5,0) -> 0.009009009 | AG44: =IFERROR(AG5/$AD5,0) -> 0.09009009 | AH44: =IFERROR(AH5/$CA5,0) -> 0.024979255 | AI44: =IFERROR(AI5/$AH5,0) -> 0.076660988 | AJ44: =IFERROR(AJ5/$AH5,0) -> 0.099659285 | AK44: =IFERROR(AK5/$AH5,0) -> 0.20102215 | AL44: =IFERROR(AL5/$AH5,0) -> 0.20954003 | AM44: =IFERROR(AM5/$AH5,0) -> 0.078364566 | AN44: =IFERROR(AN5/$AH5,0) -> 0.0076660988 | AO44: =IFERROR(AO5/$AH5,0) -> 0.12350937 | AP44: =IFERROR(AP5/$AH5,0) -> 0.048551959 | AQ44: =IFERROR(AQ5/$AH5,0) -> 0.15502555 | AR44: =IFERROR(AR5/$CA5,0) -> 0.12900274 | AS44: =IFERROR(AS5/$AR5,0) -> 0.024905162 | AT44: =IFERROR(AT5/$AR5,0) -> 0.010225961 | AU44: =IFERROR(AU5/$AR5,0) -> 0.0021441531 | AV44: =IFERROR(AV5/$AR5,0) -> 0.022596075 | AW44: =IFERROR(AW5/$AR5,0) -> 0.027709055 | AX44: =IFERROR(AX5/$AR5,0) -> 0.073725878 | AY44: =IFERROR(AY5/$AR5,0) -> 0.096321953 | AZ44: =IFERROR(AZ5/$AR5,0) -> 0.68497444 | BA44: =IFERROR(BA5/$AR5,0) -> 0.057397328 | BB44: =IFERROR(BB5/$CA5,0) -> 0.069916381 | BC44: =IFERROR(BC5/$BB5,0) -> 0.11503348 | BD44: =IFERROR(BD5/$BB5,0) -> 0.11625076 | BE44: =IFERROR(BE5/$BB5,0) -> 0.016433354 | BF44: =IFERROR(BF5/$BB5,0) -> 0.1068168 | BG44: =IFERROR(BG5/$BB5,0) -> 0.14607425 | BH44: =IFERROR(BH5/$BB5,0) -> 0.066646379 | BI44: =IFERROR(BI5/$BB5,0) -> 0.099513086 | BJ44: =IFERROR(BJ5/$BB5,0) -> 0.15459525 | BK44: =IFERROR(BK5/$BB5,0) -> 0.17863664 | BL44: =IFERROR(BL5/$CA5,0) -> 0.02674525 | BM44: =IFERROR(BM5/$BL5,0) -> 0.022275259 | BN44: =IFERROR(BN5/$BL5,0) -> 0.027844073 | BO44: =IFERROR(BO5/$BL5,0) -> 0.0023866348 | BP44: =IFERROR(BP5/$BL5,0) -> 0.070007955 | BQ44: =IFERROR(BQ5/$BL5,0) -> 0.018297534 | BR44: =IFERROR(BR5/$BL5,0) -> 0.19172633 | BS44: =IFERROR(BS5/$BL5,0) -> 0.19888624 | BT44: =IFERROR(BT5/$BL5,0) -> 0.46857597 | BU44: =IFERROR(BU5/$CA5,0) -> 0.08585289 | BV44: =IFERROR(BV5/$BU5,0) -> 0.037918216 | BW44: =IFERROR(BW5/$BU5,0) -> 0.050805452 | BX44: =IFERROR(BX5/$BU5,0) -> 0 | BY44: =IFERROR(BY5/$BU5,0) -> 0.64188352 | BZ44: =IFERROR(BZ5/$BU5,0) -> 0.26939281 | CA44: =B44+M44+P44+Z44+AD44+AH44+AR44+BB44+BL44+BU44 -> 1
A45: =A6 -> Y1990 | B45: =IFERROR(B6/$CA6,0) -> 0.19111059 | C45: =IFERROR(C6/$B6,0) -> 0.016759202 | D45: =IFERROR(D6/$B6,0) -> 0.31770512 | E45: =IFERROR(E6/$B6,0) -> 0.069504421 | F45: =IFERROR(F6/$B6,0) -> 0.069504421 | G45: =IFERROR(G6/$B6,0) -> 0.30989101 | H45: =IFERROR(H6/$B6,0) -> 0.059736788 | I45: =IFERROR(I6/$B6,0) -> 0.11320173 | J45: =IFERROR(J6/$B6,0) -> 0.0084310097 | ... L45: =IFERROR(L6/$B6,0) -> 0.010795805 | M45: =IFERROR(M6/$CA6,0) -> 0.0056000943 | N45: =IFERROR(N6/$M6,0) -> 0.93333333 | O45: =IFERROR(O6/$M6,0) -> 0.066666667 | P45: =IFERROR(P6/$CA6,0) -> 0.2645013 | Q45: =IFERROR(Q6/$P6,0) -> 0.039224426 | R45: =IFERROR(R6/$P6,0) -> 0.003788723 | S45: =IFERROR(S6/$P6,0) -> 0.00059430949 | T45: =IFERROR(T6/$P6,0) -> 0.029864052 | U45: =IFERROR(U6/$P6,0) -> 0.0015600624 | V45: =IFERROR(V6/$P6,0) -> 0.29262313 | W45: =IFERROR(W6/$P6,0) -> 0.017829285 | X45: =IFERROR(X6/$P6,0) -> 0.60270411 | Y45: =IFERROR(Y6/$P6,0) -> 0.011811901 | Z45: =IFERROR(Z6/$CA6,0) -> 0.18855616 | AA45: =IFERROR(AA6/$Z6,0) -> 0.62776157 | AB45: =IFERROR(AB6/$Z6,0) -> 0.30033347 | AC45: =IFERROR(AC6/$Z6,0) -> 0.07190496 | AD45: =IFERROR(AD6/$CA6,0) -> 0.0024758312 | AE45: =IFERROR(AE6/$AD6,0) -> 0.8968254 | AF45: =IFERROR(AF6/$AD6,0) -> 0.0079365079 | AG45: =IFERROR(AG6/$AD6,0) -> 0.095238095 | AH45: =IFERROR(AH6/$CA6,0) -> 0.025446043 | AI45: =IFERROR(AI6/$AH6,0) -> 0.081853282 | AJ45: =IFERROR(AJ6/$AH6,0) -> 0.13513514 | AK45: =IFERROR(AK6/$AH6,0) -> 0.17065637 | AL45: =IFERROR(AL6/$AH6,0) -> 0.22625483 | AM45: =IFERROR(AM6/$AH6,0) -> 0.081081081 | AN45: =IFERROR(AN6/$AH6,0) -> 0.0092664093 | AO45: =IFERROR(AO6/$AH6,0) -> 0.1050193 | AP45: =IFERROR(AP6/$AH6,0) -> 0.058687259 | AQ45: =IFERROR(AQ6/$AH6,0) -> 0.13204633 | AR45: =IFERROR(AR6/$CA6,0) -> 0.12294663 | AS45: =IFERROR(AS6/$AR6,0) -> 0.02876778 | AT45: =IFERROR(AT6/$AR6,0) -> 0.010708007 | AU45: =IFERROR(AU6/$AR6,0) -> 0.005274093 | AV45: =IFERROR(AV6/$AR6,0) -> 0.026849928 | AW45: =IFERROR(AW6/$AR6,0) -> 0.031324916 | AX45: =IFERROR(AX6/$AR6,0) -> 0.074156944 | AY45: =IFERROR(AY6/$AR6,0) -> 0.14527729 | AZ45: =IFERROR(AZ6/$AR6,0) -> 0.61259389 | BA45: =IFERROR(BA6/$AR6,0) -> 0.065047147 | BB45: =IFERROR(BB6/$CA6,0) -> 0.080896801 | BC45: =IFERROR(BC6/$BB6,0) -> 0.1190187 | BD45: =IFERROR(BD6/$BB6,0) -> 0.11148895 | BE45: =IFERROR(BE6/$BB6,0) -> 0.019431625 | BF45: =IFERROR(BF6/$BB6,0) -> 0.10444498 | BG45: =IFERROR(BG6/$BB6,0) -> 0.15423852 | BH45: =IFERROR(BH6/$BB6,0) -> 0.070682536 | BI45: =IFERROR(BI6/$BB6,0) -> 0.10031576 | BJ45: =IFERROR(BJ6/$BB6,0) -> 0.17877095 | BK45: =IFERROR(BK6/$BB6,0) -> 0.14160797 | BL45: =IFERROR(BL6/$CA6,0) -> 0.025662187 | BM45: =IFERROR(BM6/$BL6,0) -> 0.028330781 | BN45: =IFERROR(BN6/$BL6,0) -> 0.032159265 | BO45: =IFERROR(BO6/$BL6,0) -> 0.0038284839 | BP45: =IFERROR(BP6/$BL6,0) -> 0.095712098 | BQ45: =IFERROR(BQ6/$BL6,0) -> 0.016845329 | BR45: =IFERROR(BR6/$BL6,0) -> 0.19295559 | BS45: =IFERROR(BS6/$BL6,0) -> 0.18453292 | BT45: =IFERROR(BT6/$BL6,0) -> 0.44563553 | BU45: =IFERROR(BU6/$CA6,0) -> 0.09280437 | BV45: =IFERROR(BV6/$BU6,0) -> 0.039381749 | BW45: =IFERROR(BW6/$BU6,0) -> 0.052932458 | BX45: =IFERROR(BX6/$BU6,0) -> 0.00042345967 | BY45: =IFERROR(BY6/$BU6,0) -> 0.72835062 | BZ45: =IFERROR(BZ6/$BU6,0) -> 0.17891171 | CA45: =B45+M45+P45+Z45+AD45+AH45+AR45+BB45+BL45+BU45 -> 1
A46: =A7 -> Y1991 | B46: =IFERROR(B7/$CA7,0) -> 0.17337306 | C46: =IFERROR(C7/$B7,0) -> 0.019546773 | D46: =IFERROR(D7/$B7,0) -> 0.34786811 | E46: =IFERROR(E7/$B7,0) -> 0.085168081 | F46: =IFERROR(F7/$B7,0) -> 0.079368489 | G46: =IFERROR(G7/$B7,0) -> 0.25894104 | H46: =IFERROR(H7/$B7,0) -> 0.069917302 | I46: =IFERROR(I7/$B7,0) -> 0.082160885 | J46: =IFERROR(J7/$B7,0) -> 0.0098807862 | ... L46: =IFERROR(L7/$B7,0) -> 0.01449898 | M46: =IFERROR(M7/$CA7,0) -> 0.0062191602 | N46: =IFERROR(N7/$M7,0) -> 0.93712575 | O46: =IFERROR(O7/$M7,0) -> 0.062874252 | P46: =IFERROR(P7/$CA7,0) -> 0.25459454 | Q46: =IFERROR(Q7/$P7,0) -> 0.025305346 | R46: =IFERROR(R7/$P7,0) -> 0.0043150735 | S46: =IFERROR(S7/$P7,0) -> 0.00058509471 | T46: =IFERROR(T7/$P7,0) -> 0.033716083 | U46: =IFERROR(U7/$P7,0) -> 0.0014627368 | V46: =IFERROR(V7/$P7,0) -> 0.31968112 | W46: =IFERROR(W7/$P7,0) -> 0.021209683 | X46: =IFERROR(X7/$P7,0) -> 0.58180355 | Y46: =IFERROR(Y7/$P7,0) -> 0.011921305 | Z46: =IFERROR(Z7/$CA7,0) -> 0.20253235 | AA46: =IFERROR(AA7/$Z7,0) -> 0.6304128 | AB46: =IFERROR(AB7/$Z7,0) -> 0.26799669 | AC46: =IFERROR(AC7/$Z7,0) -> 0.10159051 | AD46: =IFERROR(AD7/$CA7,0) -> 0.0025323527 | AE46: =IFERROR(AE7/$AD7,0) -> 0.86029412 | AF46: =IFERROR(AF7/$AD7,0) -> 0.0073529412 | AG46: =IFERROR(AG7/$AD7,0) -> 0.13235294 | AH46: =IFERROR(AH7/$CA7,0) -> 0.028507588 | AI46: =IFERROR(AI7/$AH7,0) -> 0.069235794 | AJ46: =IFERROR(AJ7/$AH7,0) -> 0.16525147 | AK46: =IFERROR(AK7/$AH7,0) -> 0.12279556 | AL46: =IFERROR(AL7/$AH7,0) -> 0.24885696 | AM46: =IFERROR(AM7/$AH7,0) -> 0.081645983 | AN46: =IFERROR(AN7/$AH7,0) -> 0.011103854 | AO46: =IFERROR(AO7/$AH7,0) -> 0.11822338 | AP46: =IFERROR(AP7/$AH7,0) -> 0.053559765 | AQ46: =IFERROR(AQ7/$AH7,0) -> 0.12932724 | AR46: =IFERROR(AR7/$CA7,0) -> 0.12073364 | AS46: =IFERROR(AS7/$AR7,0) -> 0.028840222 | AT46: =IFERROR(AT7/$AR7,0) -> 0.010333128 | AU46: =IFERROR(AU7/$AR7,0) -> 0.0077112893 | AV46: =IFERROR(AV7/$AR7,0) -> 0.032233189 | AW46: =IFERROR(AW7/$AR7,0) -> 0.033621221 | AX46: =IFERROR(AX7/$AR7,0) -> 0.085749537 | AY46: =IFERROR(AY7/$AR7,0) -> 0.15838988 | AZ46: =IFERROR(AZ7/$AR7,0) -> 0.55845157 | BA46: =IFERROR(BA7/$AR7,0) -> 0.084669957 | BB46: =IFERROR(BB7/$CA7,0) -> 0.090531608 | BC46: =IFERROR(BC7/$BB7,0) -> 0.116413 | BD46: =IFERROR(BD7/$BB7,0) -> 0.1075689 | BE46: =IFERROR(BE7/$BB7,0) -> 0.016248457 | BF46: =IFERROR(BF7/$BB7,0) -> 0.10510078 | BG46: =IFERROR(BG7/$BB7,0) -> 0.16618675 | BH46: =IFERROR(BH7/$BB7,0) -> 0.065199506 | BI46: =IFERROR(BI7/$BB7,0) -> 0.11147676 | BJ46: =IFERROR(BJ7/$BB7,0) -> 0.16865487 | BK46: =IFERROR(BK7/$BB7,0) -> 0.14315097 | BL46: =IFERROR(BL7/$CA7,0) -> 0.026496602 | BM46: =IFERROR(BM7/$BL7,0) -> 0.026704146 | BN46: =IFERROR(BN7/$BL7,0) -> 0.025298665 | BO46: =IFERROR(BO7/$BL7,0) -> 0.0014054814 | BP46: =IFERROR(BP7/$BL7,0) -> 0.099789178 | BQ46: =IFERROR(BQ7/$BL7,0) -> 0.021082221 | BR46: =IFERROR(BR7/$BL7,0) -> 0.21855235 | BS46: =IFERROR(BS7/$BL7,0) -> 0.18271258 | BT46: =IFERROR(BT7/$BL7,0) -> 0.42445538 | BU46: =IFERROR(BU7/$CA7,0) -> 0.094479099 | BV46: =IFERROR(BV7/$BU7,0) -> 0.038825384 | BW46: =IFERROR(BW7/$BU7,0) -> 0.063263697 | BX46: =IFERROR(BX7/$BU7,0) -> 0 | BY46: =IFERROR(BY7/$BU7,0) -> 0.72960189 | BZ46: =IFERROR(BZ7/$BU7,0) -> 0.16830903 | CA46: =B46+M46+P46+Z46+AD46+AH46+AR46+BB46+BL46+BU46 -> 1
A47: =A8 -> Y1992 | B47: =IFERROR(B8/$CA8,0) -> 0.18133694 | C47: =IFERROR(C8/$B8,0) -> 0.021350968 | D47: =IFERROR(D8/$B8,0) -> 0.34662258 | E47: =IFERROR(E8/$B8,0) -> 0.090410959 | F47: =IFERROR(F8/$B8,0) -> 0.086254133 | G47: =IFERROR(G8/$B8,0) -> 0.23136514 | H47: =IFERROR(H8/$B8,0) -> 0.077940482 | I47: =IFERROR(I8/$B8,0) -> 0.0838923 | J47: =IFERROR(J8/$B8,0) -> 0.010581011 | ... L47: =IFERROR(L8/$B8,0) -> 0.013320737 | M47: =IFERROR(M8/$CA8,0) -> 0.006458576 | N47: =IFERROR(N8/$M8,0) -> 0.94164456 | O47: =IFERROR(O8/$M8,0) -> 0.058355438 | P47: =IFERROR(P8/$CA8,0) -> 0.23122387 | Q47: =IFERROR(Q8/$P8,0) -> 0.029488034 | R47: =IFERROR(R8/$P8,0) -> 0.0045195229 | S47: =IFERROR(S8/$P8,0) -> 0.00081499592 | T47: =IFERROR(T8/$P8,0) -> 0.031043936 | U47: =IFERROR(U8/$P8,0) -> 0.00066681485 | V47: =IFERROR(V8/$P8,0) -> 0.33629695 | W47: =IFERROR(W8/$P8,0) -> 0.024301697 | X47: =IFERROR(X8/$P8,0) -> 0.55856857 | Y47: =IFERROR(Y8/$P8,0) -> 0.014299474 | Z47: =IFERROR(Z8/$CA8,0) -> 0.19893099 | AA47: =IFERROR(AA8/$Z8,0) -> 0.63253531 | AB47: =IFERROR(AB8/$Z8,0) -> 0.26894592 | AC47: =IFERROR(AC8/$Z8,0) -> 0.098518774 | AD47: =IFERROR(AD8/$CA8,0) -> 0.0026382512 | AE47: =IFERROR(AE8/$AD8,0) -> 0.85064935 | AF47: =IFERROR(AF8/$AD8,0) -> 0.0064935065 | AG47: =IFERROR(AG8/$AD8,0) -> 0.14285714 | AH47: =IFERROR(AH8/$CA8,0) -> 0.031127938 | AI47: =IFERROR(AI8/$AH8,0) -> 0.042377545 | AJ47: =IFERROR(AJ8/$AH8,0) -> 0.10731976 | AK47: =IFERROR(AK8/$AH8,0) -> 0.16345625 | AL47: =IFERROR(AL8/$AH8,0) -> 0.28453495 | AM47: =IFERROR(AM8/$AH8,0) -> 0.085305449 | AN47: =IFERROR(AN8/$AH8,0) -> 0.008255366 | AO47: =IFERROR(AO8/$AH8,0) -> 0.10566868 | AP47: =IFERROR(AP8/$AH8,0) -> 0.051733627 | AQ47: =IFERROR(AQ8/$AH8,0) -> 0.15134838 | AR47: =IFERROR(AR8/$CA8,0) -> 0.12125677 | AS47: =IFERROR(AS8/$AR8,0) -> 0.036592258 | AT47: =IFERROR(AT8/$AR8,0) -> 0.013845719 | AU47: =IFERROR(AU8/$AR8,0) -> 0.0086182537 | AV47: =IFERROR(AV8/$AR8,0) -> 0.034896864 | AW47: =IFERROR(AW8/$AR8,0) -> 0.037863803 | AX47: =IFERROR(AX8/$AR8,0) -> 0.085193558 | AY47: =IFERROR(AY8/$AR8,0) -> 0.16657248 | AZ47: =IFERROR(AZ8/$AR8,0) -> 0.53913535 | BA47: =IFERROR(BA8/$AR8,0) -> 0.077281718 | BB47: =IFERROR(BB8/$CA8,0) -> 0.09800932 | BC47: =IFERROR(BC8/$BB8,0) -> 0.10732389 | BD47: =IFERROR(BD8/$BB8,0) -> 0.10994581 | BE47: =IFERROR(BE8/$BB8,0) -> 0.016605489 | BF47: =IFERROR(BF8/$BB8,0) -> 0.10802307 | BG47: =IFERROR(BG8/$BB8,0) -> 0.15801433 | BH47: =IFERROR(BH8/$BB8,0) -> 0.070092641 | BI47: =IFERROR(BI8/$BB8,0) -> 0.11466527 | BJ47: =IFERROR(BJ8/$BB8,0) -> 0.15504282 | BK47: =IFERROR(BK8/$BB8,0) -> 0.16028666 | BL47: =IFERROR(BL8/$CA8,0) -> 0.03035702 | BM47: =IFERROR(BM8/$BL8,0) -> 0.051354402 | BN47: =IFERROR(BN8/$BL8,0) -> 0.025395034 | BO47: =IFERROR(BO8/$BL8,0) -> 0.0022573363 | BP47: =IFERROR(BP8/$BL8,0) -> 0.098758465 | BQ47: =IFERROR(BQ8/$BL8,0) -> 0.020316027 | BR47: =IFERROR(BR8/$BL8,0) -> 0.20711061 | BS47: =IFERROR(BS8/$BL8,0) -> 0.19074492 | BT47: =IFERROR(BT8/$BL8,0) -> 0.40406321 | BU47: =IFERROR(BU8/$CA8,0) -> 0.098660317 | BV47: =IFERROR(BV8/$BU8,0) -> 0.035249175 | BW47: =IFERROR(BW8/$BU8,0) -> 0.050182323 | BX47: =IFERROR(BX8/$BU8,0) -> 0 | BY47: =IFERROR(BY8/$BU8,0) -> 0.77721827 | BZ47: =IFERROR(BZ8/$BU8,0) -> 0.13735023 | CA47: =B47+M47+P47+Z47+AD47+AH47+AR47+BB47+BL47+BU47 -> 1
A48: =A9 -> Y1993 | B48: =IFERROR(B9/$CA9,0) -> 0.19817049 | C48: =IFERROR(C9/$B9,0) -> 0.023240852 | D48: =IFERROR(D9/$B9,0) -> 0.31829513 | E48: =IFERROR(E9/$B9,0) -> 0.094008846 | F48: =IFERROR(F9/$B9,0) -> 0.085082429 | G48: =IFERROR(G9/$B9,0) -> 0.24945718 | H48: =IFERROR(H9/$B9,0) -> 0.073341375 | I48: =IFERROR(I9/$B9,0) -> 0.097305991 | J48: =IFERROR(J9/$B9,0) -> 0.011741053 | ... L48: =IFERROR(L9/$B9,0) -> 0.012947326 | M48: =IFERROR(M9/$CA9,0) -> 0.0078407624 | N48: =IFERROR(N9/$M9,0) -> 0.92886179 | O48: =IFERROR(O9/$M9,0) -> 0.071138211 | P48: =IFERROR(P9/$CA9,0) -> 0.2032383 | Q48: =IFERROR(Q9/$P9,0) -> 0.029640085 | R48: =IFERROR(R9/$P9,0) -> 0.0065866855 | S48: =IFERROR(S9/$P9,0) -> 0.00078412922 | T48: =IFERROR(T9/$P9,0) -> 0.041637262 | U48: =IFERROR(U9/$P9,0) -> 0.001019368 | V48: =IFERROR(V9/$P9,0) -> 0.28714812 | W48: =IFERROR(W9/$P9,0) -> 0.029012781 | X48: =IFERROR(X9/$P9,0) -> 0.58801851 | Y48: =IFERROR(Y9/$P9,0) -> 0.016153062 | Z48: =IFERROR(Z9/$CA9,0) -> 0.19096719 | AA48: =IFERROR(AA9/$Z9,0) -> 0.65075524 | AB48: =IFERROR(AB9/$Z9,0) -> 0.24735041 | AC48: =IFERROR(AC9/$Z9,0) -> 0.10189435 | AD48: =IFERROR(AD9/$CA9,0) -> 0.0033307304 | AE48: =IFERROR(AE9/$AD9,0) -> 0.8277512 | AF48: =IFERROR(AF9/$AD9,0) -> 0.009569378 | AG48: =IFERROR(AG9/$AD9,0) -> 0.16267943 | AH48: =IFERROR(AH9/$CA9,0) -> 0.034885018 | AI48: =IFERROR(AI9/$AH9,0) -> 0.037916857 | AJ48: =IFERROR(AJ9/$AH9,0) -> 0.10095934 | AK48: =IFERROR(AK9/$AH9,0) -> 0.16171768 | AL48: =IFERROR(AL9/$AH9,0) -> 0.29191412 | AM48: =IFERROR(AM9/$AH9,0) -> 0.087254454 | AN48: =IFERROR(AN9/$AH9,0) -> 0.0063956144 | AO48: =IFERROR(AO9/$AH9,0) -> 0.096391046 | AP48: =IFERROR(AP9/$AH9,0) -> 0.050708086 | AQ48: =IFERROR(AQ9/$AH9,0) -> 0.1667428 | AR48: =IFERROR(AR9/$CA9,0) -> 0.12071906 | AS48: =IFERROR(AS9/$AR9,0) -> 0.043168317 | AT48: =IFERROR(AT9/$AR9,0) -> 0.015445545 | AU48: =IFERROR(AU9/$AR9,0) -> 0.011617162 | AV48: =IFERROR(AV9/$AR9,0) -> 0.03339934 | AW48: =IFERROR(AW9/$AR9,0) -> 0.046864686 | AX48: =IFERROR(AX9/$AR9,0) -> 0.076567657 | AY48: =IFERROR(AY9/$AR9,0) -> 0.18217822 | AZ48: =IFERROR(AZ9/$AR9,0) -> 0.51419142 | BA48: =IFERROR(BA9/$AR9,0) -> 0.076567657 | BB48: =IFERROR(BB9/$CA9,0) -> 0.11187429 | BC48: =IFERROR(BC9/$BB9,0) -> 0.088888889 | BD48: =IFERROR(BD9/$BB9,0) -> 0.11410256 | BE48: =IFERROR(BE9/$BB9,0) -> 0.013817664 | BF48: =IFERROR(BF9/$BB9,0) -> 0.11638177 | BG48: =IFERROR(BG9/$BB9,0) -> 0.16652422 | BH48: =IFERROR(BH9/$BB9,0) -> 0.062108262 | BI48: =IFERROR(BI9/$BB9,0) -> 0.12621083 | BJ48: =IFERROR(BJ9/$BB9,0) -> 0.15612536 | BK48: =IFERROR(BK9/$BB9,0) -> 0.15584046 | BL48: =IFERROR(BL9/$CA9,0) -> 0.031873018 | BM48: =IFERROR(BM9/$BL9,0) -> 0.023 | BN48: =IFERROR(BN9/$BL9,0) -> 0.0375 | BO48: =IFERROR(BO9/$BL9,0) -> 0.005 | BP48: =IFERROR(BP9/$BL9,0) -> 0.111 | BQ48: =IFERROR(BQ9/$BL9,0) -> 0.026 | BR48: =IFERROR(BR9/$BL9,0) -> 0.194 | BS48: =IFERROR(BS9/$BL9,0) -> 0.2225 | BT48: =IFERROR(BT9/$BL9,0) -> 0.381 | BU48: =IFERROR(BU9/$CA9,0) -> 0.097101149 | BV48: =IFERROR(BV9/$BU9,0) -> 0.048416215 | BW48: =IFERROR(BW9/$BU9,0) -> 0.036435254 | BX48: =IFERROR(BX9/$BU9,0) -> 0 | BY48: =IFERROR(BY9/$BU9,0) -> 0.7685869 | BZ48: =IFERROR(BZ9/$BU9,0) -> 0.14656163 | CA48: =B48+M48+P48+Z48+AD48+AH48+AR48+BB48+BL48+BU48 -> 1
A49: =A10 -> Y1994 | B49: =IFERROR(B10/$CA10,0) -> 0.20681881 | C49: =IFERROR(C10/$B10,0) -> 0.026803046 | D49: =IFERROR(D10/$B10,0) -> 0.28363446 | E49: =IFERROR(E10/$B10,0) -> 0.1062416 | F49: =IFERROR(F10/$B10,0) -> 0.081529043 | G49: =IFERROR(G10/$B10,0) -> 0.24936539 | H49: =IFERROR(H10/$B10,0) -> 0.069135434 | I49: =IFERROR(I10/$B10,0) -> 0.12483201 | J49: =IFERROR(J10/$B10,0) -> 0.012916231 | ... L49: =IFERROR(L10/$B10,0) -> 0.015454681 | M49: =IFERROR(M10/$CA10,0) -> 0.0081992526 | N49: =IFERROR(N10/$M10,0) -> 0.92843691 | O49: =IFERROR(O10/$M10,0) -> 0.071563089 | P49: =IFERROR(P10/$CA10,0) -> 0.20187764 | Q49: =IFERROR(Q10/$P10,0) -> 0.034572434 | R49: =IFERROR(R10/$P10,0) -> 0.0097904237 | S49: =IFERROR(S10/$P10,0) -> 0.00091785223 | T49: =IFERROR(T10/$P10,0) -> 0.040614961 | U49: =IFERROR(U10/$P10,0) -> 0.0020651675 | V49: =IFERROR(V10/$P10,0) -> 0.32790271 | W49: =IFERROR(W10/$P10,0) -> 0.026923665 | X49: =IFERROR(X10/$P10,0) -> 0.54107389 | Y49: =IFERROR(Y10/$P10,0) -> 0.016138902 | Z49: =IFERROR(Z10/$CA10,0) -> 0.16477255 | AA49: =IFERROR(AA10/$Z10,0) -> 0.63255552 | AB49: =IFERROR(AB10/$Z10,0) -> 0.25349077 | AC49: =IFERROR(AC10/$Z10,0) -> 0.11395371 | AD49: =IFERROR(AD10/$CA10,0) -> 0.0034433773 | AE49: =IFERROR(AE10/$AD10,0) -> 0.82511211 | AF49: =IFERROR(AF10/$AD10,0) -> 0.031390135 | AG49: =IFERROR(AG10/$AD10,0) -> 0.14349776 | AH49: =IFERROR(AH10/$CA10,0) -> 0.038093326 | AI49: =IFERROR(AI10/$AH10,0) -> 0.034454803 | AJ49: =IFERROR(AJ10/$AH10,0) -> 0.11228212 | AK49: =IFERROR(AK10/$AH10,0) -> 0.15079043 | AL49: =IFERROR(AL10/$AH10,0) -> 0.29550061 | AM49: =IFERROR(AM10/$AH10,0) -> 0.095257398 | AN49: =IFERROR(AN10/$AH10,0) -> 0.0093230645 | AO49: =IFERROR(AO10/$AH10,0) -> 0.084718281 | AP49: =IFERROR(AP10/$AH10,0) -> 0.049858127 | AQ49: =IFERROR(AQ10/$AH10,0) -> 0.16781516 | AR49: =IFERROR(AR10/$CA10,0) -> 0.12785275 | AS49: =IFERROR(AS10/$AR10,0) -> 0.051449275 | AT49: =IFERROR(AT10/$AR10,0) -> 0.015217391 | AU49: =IFERROR(AU10/$AR10,0) -> 0.010748792 | AV49: =IFERROR(AV10/$AR10,0) -> 0.030555556 | AW49: =IFERROR(AW10/$AR10,0) -> 0.050362319 | AX49: =IFERROR(AX10/$AR10,0) -> 0.095048309 | AY49: =IFERROR(AY10/$AR10,0) -> 0.18176328 | AZ49: =IFERROR(AZ10/$AR10,0) -> 0.48236715 | BA49: =IFERROR(BA10/$AR10,0) -> 0.082487923 | BB49: =IFERROR(BB10/$CA10,0) -> 0.11744542 | BC49: =IFERROR(BC10/$BB10,0) -> 0.079148041 | BD49: =IFERROR(BD10/$BB10,0) -> 0.10596897 | BE49: =IFERROR(BE10/$BB10,0) -> 0.015777018 | BF49: =IFERROR(BF10/$BB10,0) -> 0.12292927 | BG49: =IFERROR(BG10/$BB10,0) -> 0.198396 | BH49: =IFERROR(BH10/$BB10,0) -> 0.090586379 | BI49: =IFERROR(BI10/$BB10,0) -> 0.14304496 | BJ49: =IFERROR(BJ10/$BB10,0) -> 0.1333158 | BK49: =IFERROR(BK10/$BB10,0) -> 0.11083355 | BL49: =IFERROR(BL10/$CA10,0) -> 0.034510979 | BM49: =IFERROR(BM10/$BL10,0) -> 0.02147651 | BN49: =IFERROR(BN10/$BL10,0) -> 0.033557047 | BO49: =IFERROR(BO10/$BL10,0) -> 0.0058165548 | BP49: =IFERROR(BP10/$BL10,0) -> 0.12885906 | BQ49: =IFERROR(BQ10/$BL10,0) -> 0.025055928 | BR49: =IFERROR(BR10/$BL10,0) -> 0.19865772 | BS49: =IFERROR(BS10/$BL10,0) -> 0.21610738 | BT49: =IFERROR(BT10/$BL10,0) -> 0.3704698 | BU49: =IFERROR(BU10/$CA10,0) -> 0.096985887 | BV49: =IFERROR(BV10/$BU10,0) -> 0.060659131 | BW49: =IFERROR(BW10/$BU10,0) -> 0.039165738 | BX49: =IFERROR(BX10/$BU10,0) -> 0 | BY49: =IFERROR(BY10/$BU10,0) -> 0.74367139 | BZ49: =IFERROR(BZ10/$BU10,0) -> 0.15650374 | CA49: =B49+M49+P49+Z49+AD49+AH49+AR49+BB49+BL49+BU49 -> 1
A50: =A11 -> Y1995 | B50: =IFERROR(B11/$CA11,0) -> 0.1823673 | C50: =IFERROR(C11/$B11,0) -> 0.044060277 | D50: =IFERROR(D11/$B11,0) -> 0.27071062 | E50: =IFERROR(E11/$B11,0) -> 0.11435784 | F50: =IFERROR(F11/$B11,0) -> 0.088732502 | G50: =IFERROR(G11/$B11,0) -> 0.20569112 | H50: =IFERROR(H11/$B11,0) -> 0.070450547 | I50: =IFERROR(I11/$B11,0) -> 0.14357837 | J50: =IFERROR(J11/$B11,0) -> 0.01384533 | ... L50: =IFERROR(L11/$B11,0) -> 0.017058059 | M50: =IFERROR(M11/$CA11,0) -> 0.0081607031 | N50: =IFERROR(N11/$M11,0) -> 0.92649573 | O50: =IFERROR(O11/$M11,0) -> 0.073504273 | P50: =IFERROR(P11/$CA11,0) -> 0.20432448 | Q50: =IFERROR(Q11/$P11,0) -> 0.033590496 | R50: =IFERROR(R11/$P11,0) -> 0.0083293507 | S50: =IFERROR(S11/$P11,0) -> 0.00088755377 | T50: =IFERROR(T11/$P11,0) -> 0.044172868 | U50: =IFERROR(U11/$P11,0) -> 0.0032088482 | V50: =IFERROR(V11/$P11,0) -> 0.30067591 | W50: =IFERROR(W11/$P11,0) -> 0.029152728 | X50: =IFERROR(X11/$P11,0) -> 0.56462074 | Y50: =IFERROR(Y11/$P11,0) -> 0.015361507 | Z50: =IFERROR(Z11/$CA11,0) -> 0.16712004 | AA50: =IFERROR(AA11/$Z11,0) -> 0.62045075 | AB50: =IFERROR(AB11/$Z11,0) -> 0.25283806 | AC50: =IFERROR(AC11/$Z11,0) -> 0.12671119 | AD50: =IFERROR(AD11/$CA11,0) -> 0.0035711795 | AE50: =IFERROR(AE11/$AD11,0) -> 0.84375 | AF50: =IFERROR(AF11/$AD11,0) -> 0.0078125 | AG50: =IFERROR(AG11/$AD11,0) -> 0.1484375 | AH50: =IFERROR(AH11/$CA11,0) -> 0.040566367 | AI50: =IFERROR(AI11/$AH11,0) -> 0.027510316 | AJ50: =IFERROR(AJ11/$AH11,0) -> 0.12242091 | AK50: =IFERROR(AK11/$AH11,0) -> 0.14614856 | AL50: =IFERROR(AL11/$AH11,0) -> 0.28679505 | AM50: =IFERROR(AM11/$AH11,0) -> 0.095942228 | AN50: =IFERROR(AN11/$AH11,0) -> 0.0099724897 | AO50: =IFERROR(AO11/$AH11,0) -> 0.11691884 | AP50: =IFERROR(AP11/$AH11,0) -> 0.054676754 | AQ50: =IFERROR(AQ11/$AH11,0) -> 0.13961486 | AR50: =IFERROR(AR11/$CA11,0) -> 0.13658366 | AS50: =IFERROR(AS11/$AR11,0) -> 0.051475845 | AT50: =IFERROR(AT11/$AR11,0) -> 0.015422327 | AU50: =IFERROR(AU11/$AR11,0) -> 0.010519865 | AV50: =IFERROR(AV11/$AR11,0) -> 0.028597692 | AW50: =IFERROR(AW11/$AR11,0) -> 0.05290573 | AX50: =IFERROR(AX11/$AR11,0) -> 0.069451537 | AY50: =IFERROR(AY11/$AR11,0) -> 0.18047186 | AZ50: =IFERROR(AZ11/$AR11,0) -> 0.52027372 | BA50: =IFERROR(BA11/$AR11,0) -> 0.070881422 | BB50: =IFERROR(BB11/$CA11,0) -> 0.12783706 | BC50: =IFERROR(BC11/$BB11,0) -> 0.087189 | BD50: =IFERROR(BD11/$BB11,0) -> 0.11599738 | BE50: =IFERROR(BE11/$BB11,0) -> 0.015495417 | BF50: =IFERROR(BF11/$BB11,0) -> 0.11075949 | BG50: =IFERROR(BG11/$BB11,0) -> 0.19129201 | BH50: =IFERROR(BH11/$BB11,0) -> 0.075185509 | BI50: =IFERROR(BI11/$BB11,0) -> 0.14829769 | BJ50: =IFERROR(BJ11/$BB11,0) -> 0.12287211 | BK50: =IFERROR(BK11/$BB11,0) -> 0.13291139 | BL50: =IFERROR(BL11/$CA11,0) -> 0.034819 | BM50: =IFERROR(BM11/$BL11,0) -> 0.026041667 | BN50: =IFERROR(BN11/$BL11,0) -> 0.034455128 | BO50: =IFERROR(BO11/$BL11,0) -> 0.0048076923 | BP50: =IFERROR(BP11/$BL11,0) -> 0.12099359 | BQ50: =IFERROR(BQ11/$BL11,0) -> 0.025240385 | BR50: =IFERROR(BR11/$BL11,0) -> 0.18790064 | BS50: =IFERROR(BS11/$BL11,0) -> 0.21233974 | BT50: =IFERROR(BT11/$BL11,0) -> 0.38822115 | BU50: =IFERROR(BU11/$CA11,0) -> 0.094650206 | BV50: =IFERROR(BV11/$BU11,0) -> 0.062490788 | BW50: =IFERROR(BW11/$BU11,0) -> 0.024023581 | BX50: =IFERROR(BX11/$BU11,0) -> 0 | BY50: =IFERROR(BY11/$BU11,0) -> 0.77568165 | BZ50: =IFERROR(BZ11/$BU11,0) -> 0.13780398 | CA50: =B50+M50+P50+Z50+AD50+AH50+AR50+BB50+BL50+BU50 -> 1
A51: =A12 -> Y1996 | B51: =IFERROR(B12/$CA12,0) -> 0.20527075 | C51: =IFERROR(C12/$B12,0) -> 0.041698304 | D51: =IFERROR(D12/$B12,0) -> 0.18299165 | E51: =IFERROR(E12/$B12,0) -> 0.11136421 | F51: =IFERROR(F12/$B12,0) -> 0.066438876 | G51: =IFERROR(G12/$B12,0) -> 0.36452797 | H51: =IFERROR(H12/$B12,0) -> 0.06859023 | I51: =IFERROR(I12/$B12,0) -> 0.10434067 | J51: =IFERROR(J12/$B12,0) -> 0.012401924 | ... L51: =IFERROR(L12/$B12,0) -> 0.016008605 | M51: =IFERROR(M12/$CA12,0) -> 0.009611513 | N51: =IFERROR(N12/$M12,0) -> 0.91486486 | O51: =IFERROR(O12/$M12,0) -> 0.085135135 | P51: =IFERROR(P12/$CA12,0) -> 0.1951267 | Q51: =IFERROR(Q12/$P12,0) -> 0.033016042 | R51: =IFERROR(R12/$P12,0) -> 0.014511083 | S51: =IFERROR(S12/$P12,0) -> 0.00079877521 | T51: =IFERROR(T12/$P12,0) -> 0.041336617 | U51: =IFERROR(U12/$P12,0) -> 0.00093190441 | V51: =IFERROR(V12/$P12,0) -> 0.28522932 | W51: =IFERROR(W12/$P12,0) -> 0.025560807 | X51: =IFERROR(X12/$P12,0) -> 0.58383811 | Y51: =IFERROR(Y12/$P12,0) -> 0.014777341 | Z51: =IFERROR(Z12/$CA12,0) -> 0.16887688 | AA51: =IFERROR(AA12/$Z12,0) -> 0.60129211 | AB51: =IFERROR(AB12/$Z12,0) -> 0.26980465 | AC51: =IFERROR(AC12/$Z12,0) -> 0.12890325 | AD51: =IFERROR(AD12/$CA12,0) -> 0.0030782819 | AE51: =IFERROR(AE12/$AD12,0) -> 0.8185654 | AF51: =IFERROR(AF12/$AD12,0) -> 0.042194093 | AG51: =IFERROR(AG12/$AD12,0) -> 0.13924051 | AH51: =IFERROR(AH12/$CA12,0) -> 0.038978582 | AI51: =IFERROR(AI12/$AH12,0) -> 0.030323226 | AJ51: =IFERROR(AJ12/$AH12,0) -> 0.11096301 | AK51: =IFERROR(AK12/$AH12,0) -> 0.13995335 | AL51: =IFERROR(AL12/$AH12,0) -> 0.31389537 | AM51: =IFERROR(AM12/$AH12,0) -> 0.099966678 | AN51: =IFERROR(AN12/$AH12,0) -> 0.007664112 | AO51: =IFERROR(AO12/$AH12,0) -> 0.099633456 | AP51: =IFERROR(AP12/$AH12,0) -> 0.050983006 | AQ51: =IFERROR(AQ12/$AH12,0) -> 0.14661779 | AR51: =IFERROR(AR12/$CA12,0) -> 0.12246886 | AS51: =IFERROR(AS12/$AR12,0) -> 0.049952275 | AT51: =IFERROR(AT12/$AR12,0) -> 0.01686287 | AU51: =IFERROR(AU12/$AR12,0) -> 0.011560081 | AV51: =IFERROR(AV12/$AR12,0) -> 0.036377134 | AW51: =IFERROR(AW12/$AR12,0) -> 0.060027574 | AX51: =IFERROR(AX12/$AR12,0) -> 0.081662955 | AY51: =IFERROR(AY12/$AR12,0) -> 0.17212854 | AZ51: =IFERROR(AZ12/$AR12,0) -> 0.48987167 | BA51: =IFERROR(BA12/$AR12,0) -> 0.081556899 | BB51: =IFERROR(BB12/$CA12,0) -> 0.12930083 | BC51: =IFERROR(BC12/$BB12,0) -> 0.088196886 | BD51: =IFERROR(BD12/$BB12,0) -> 0.10939227 | BE51: =IFERROR(BE12/$BB12,0) -> 0.020090407 | BF51: =IFERROR(BF12/$BB12,0) -> 0.12245103 | BG51: =IFERROR(BG12/$BB12,0) -> 0.17890507 | BH51: =IFERROR(BH12/$BB12,0) -> 0.065796082 | BI51: =IFERROR(BI12/$BB12,0) -> 0.13530889 | BJ51: =IFERROR(BJ12/$BB12,0) -> 0.15449523 | BK51: =IFERROR(BK12/$BB12,0) -> 0.12536414 | BL51: =IFERROR(BL12/$CA12,0) -> 0.036536738 | BM51: =IFERROR(BM12/$BL12,0) -> 0.03021685 | BN51: =IFERROR(BN12/$BL12,0) -> 0.035193743 | BO51: =IFERROR(BO12/$BL12,0) -> 0.004976893 | BP51: =IFERROR(BP12/$BL12,0) -> 0.12051191 | BQ51: =IFERROR(BQ12/$BL12,0) -> 0.022751511 | BR51: =IFERROR(BR12/$BL12,0) -> 0.21187344 | BS51: =IFERROR(BS12/$BL12,0) -> 0.20547458 | BT51: =IFERROR(BT12/$BL12,0) -> 0.36900107 | BU51: =IFERROR(BU12/$CA12,0) -> 0.090750867 | BV51: =IFERROR(BV12/$BU12,0) -> 0.072706455 | BW51: =IFERROR(BW12/$BU12,0) -> 0.018033491 | BX51: =IFERROR(BX12/$BU12,0) -> 0 | BY51: =IFERROR(BY12/$BU12,0) -> 0.74939173 | BZ51: =IFERROR(BZ12/$BU12,0) -> 0.15986833 | CA51: =B51+M51+P51+Z51+AD51+AH51+AR51+BB51+BL51+BU51 -> 1
A52: =A13 -> Y1997 | B52: =IFERROR(B13/$CA13,0) -> 0.20286658 | C52: =IFERROR(C13/$B13,0) -> 0.04320521 | D52: =IFERROR(D13/$B13,0) -> 0.20015119 | E52: =IFERROR(E13/$B13,0) -> 0.10664651 | F52: =IFERROR(F13/$B13,0) -> 0.069954062 | G52: =IFERROR(G13/$B13,0) -> 0.35134035 | H52: =IFERROR(H13/$B13,0) -> 0.067221027 | I52: =IFERROR(I13/$B13,0) -> 0.10019189 | J52: =IFERROR(J13/$B13,0) -> 0.011222888 | ... L52: =IFERROR(L13/$B13,0) -> 0.017619352 | M52: =IFERROR(M13/$CA13,0) -> 0.010498997 | N52: =IFERROR(N13/$M13,0) -> 0.93820225 | O52: =IFERROR(O13/$M13,0) -> 0.061797753 | P52: =IFERROR(P13/$CA13,0) -> 0.20231214 | Q52: =IFERROR(Q13/$P13,0) -> 0.031836735 | R52: =IFERROR(R13/$P13,0) -> 0.014868805 | S52: =IFERROR(S13/$P13,0) -> 0.00064139942 | T52: =IFERROR(T13/$P13,0) -> 0.039825073 | U52: =IFERROR(U13/$P13,0) -> 0.0011078717 | V52: =IFERROR(V13/$P13,0) -> 0.30466472 | W52: =IFERROR(W13/$P13,0) -> 0.022332362 | X52: =IFERROR(X13/$P13,0) -> 0.57148688 | Y52: =IFERROR(Y13/$P13,0) -> 0.013236152 | Z52: =IFERROR(Z13/$CA13,0) -> 0.17654831 | AA52: =IFERROR(AA13/$Z13,0) -> 0.58940265 | AB52: =IFERROR(AB13/$Z13,0) -> 0.27408793 | AC52: =IFERROR(AC13/$Z13,0) -> 0.13650942 | AD52: =IFERROR(AD13/$CA13,0) -> 0.0031850891 | AE52: =IFERROR(AE13/$AD13,0) -> 0.72592593 | AF52: =IFERROR(AF13/$AD13,0) -> 0.11111111 | AG52: =IFERROR(AG13/$AD13,0) -> 0.16296296 | AH52: =IFERROR(AH13/$CA13,0) -> 0.03790256 | AI52: =IFERROR(AI13/$AH13,0) -> 0.044506692 | AJ52: =IFERROR(AJ13/$AH13,0) -> 0.10208528 | AK52: =IFERROR(AK13/$AH13,0) -> 0.13663243 | AL52: =IFERROR(AL13/$AH13,0) -> 0.32928727 | AM52: =IFERROR(AM13/$AH13,0) -> 0.09274821 | AN52: =IFERROR(AN13/$AH13,0) -> 0.0065359477 | AO52: =IFERROR(AO13/$AH13,0) -> 0.098972923 | AP52: =IFERROR(AP13/$AH13,0) -> 0.050420168 | AQ52: =IFERROR(AQ13/$AH13,0) -> 0.13881108 | AR52: =IFERROR(AR13/$CA13,0) -> 0.11698714 | AS52: =IFERROR(AS13/$AR13,0) -> 0.051426843 | AT52: =IFERROR(AT13/$AR13,0) -> 0.016436422 | AU52: =IFERROR(AU13/$AR13,0) -> 0.010789553 | AV52: =IFERROR(AV13/$AR13,0) -> 0.04194817 | AW52: =IFERROR(AW13/$AR13,0) -> 0.063123929 | AX52: =IFERROR(AX13/$AR13,0) -> 0.078955329 | AY52: =IFERROR(AY13/$AR13,0) -> 0.16799435 | AZ52: =IFERROR(AZ13/$AR13,0) -> 0.49379853 | BA52: =IFERROR(BA13/$AR13,0) -> 0.075526873 | BB52: =IFERROR(BB13/$CA13,0) -> 0.13346703 | BC52: =IFERROR(BC13/$BB13,0) -> 0.091479583 | BD52: =IFERROR(BD13/$BB13,0) -> 0.10509104 | BE52: =IFERROR(BE13/$BB13,0) -> 0.019533322 | BF52: =IFERROR(BF13/$BB13,0) -> 0.10129044 | BG52: =IFERROR(BG13/$BB13,0) -> 0.14795828 | BH52: =IFERROR(BH13/$BB13,0) -> 0.087237051 | BI52: =IFERROR(BI13/$BB13,0) -> 0.11154322 | BJ52: =IFERROR(BJ13/$BB13,0) -> 0.16519357 | BK52: =IFERROR(BK13/$BB13,0) -> 0.1706735 | BL52: =IFERROR(BL13/$CA13,0) -> 0.035991506 | BM52: =IFERROR(BM13/$BL13,0) -> 0.028515241 | BN52: =IFERROR(BN13/$BL13,0) -> 0.031792855 | BO52: =IFERROR(BO13/$BL13,0) -> 0.0045886595 | BP52: =IFERROR(BP13/$BL13,0) -> 0.12323828 | BQ52: =IFERROR(BQ13/$BL13,0) -> 0.019337922 | BR52: =IFERROR(BR13/$BL13,0) -> 0.23271059 | BS52: =IFERROR(BS13/$BL13,0) -> 0.21796132 | BT52: =IFERROR(BT13/$BL13,0) -> 0.34185513 | BU52: =IFERROR(BU13/$CA13,0) -> 0.080240651 | BV52: =IFERROR(BV13/$BU13,0) -> 0.077918259 | BW52: =IFERROR(BW13/$BU13,0) -> 0.018817995 | BX52: =IFERROR(BX13/$BU13,0) -> 0.00014701558 | BY52: =IFERROR(BY13/$BU13,0) -> 0.72375772 | BZ52: =IFERROR(BZ13/$BU13,0) -> 0.17935901 | CA52: =B52+M52+P52+Z52+AD52+AH52+AR52+BB52+BL52+BU52 -> 1
A53: =A14 -> Y1998 | B53: =IFERROR(B14/$CA14,0) -> 0.17027206 | C53: =IFERROR(C14/$B14,0) -> 0.037420803 | D53: =IFERROR(D14/$B14,0) -> 0.25811774 | E53: =IFERROR(E14/$B14,0) -> 0.14136748 | F53: =IFERROR(F14/$B14,0) -> 0.077745512 | G53: =IFERROR(G14/$B14,0) -> 0.3311114 | H53: =IFERROR(H14/$B14,0) -> 0.074907603 | I53: =IFERROR(I14/$B14,0) -> 0.01187962 | J53: =IFERROR(J14/$B14,0) -> 0.011615628 | ... L53: =IFERROR(L14/$B14,0) -> 0.019865364 | M53: =IFERROR(M14/$CA14,0) -> 0.012968186 | N53: =IFERROR(N14/$M14,0) -> 0.93934142 | O53: =IFERROR(O14/$M14,0) -> 0.060658579 | P53: =IFERROR(P14/$CA14,0) -> 0.20124288 | Q53: =IFERROR(Q14/$P14,0) -> 0.028478892 | R53: =IFERROR(R14/$P14,0) -> 0.025240116 | S53: =IFERROR(S14/$P14,0) -> 0.00055840965 | T53: =IFERROR(T14/$P14,0) -> 0.039032834 | U53: =IFERROR(U14/$P14,0) -> 0.0012285012 | V53: =IFERROR(V14/$P14,0) -> 0.25145187 | W53: =IFERROR(W14/$P14,0) -> 0.025072593 | X53: =IFERROR(X14/$P14,0) -> 0.61508823 | Y53: =IFERROR(Y14/$P14,0) -> 0.013848559 | Z53: =IFERROR(Z14/$CA14,0) -> 0.16944048 | AA53: =IFERROR(AA14/$Z14,0) -> 0.65320334 | AB53: =IFERROR(AB14/$Z14,0) -> 0.22376973 | AC53: =IFERROR(AC14/$Z14,0) -> 0.12302693 | AD53: =IFERROR(AD14/$CA14,0) -> 0.0043264747 | AE53: =IFERROR(AE14/$AD14,0) -> 0.68831169 | AF53: =IFERROR(AF14/$AD14,0) -> 0.18181818 | AG53: =IFERROR(AG14/$AD14,0) -> 0.12987013 | AH53: =IFERROR(AH14/$CA14,0) -> 0.038072977 | AI53: =IFERROR(AI14/$AH14,0) -> 0.041027155 | AJ53: =IFERROR(AJ14/$AH14,0) -> 0.093270366 | AK53: =IFERROR(AK14/$AH14,0) -> 0.15495868 | AL53: =IFERROR(AL14/$AH14,0) -> 0.36157025 | AM53: =IFERROR(AM14/$AH14,0) -> 0.083530106 | AN53: =IFERROR(AN14/$AH14,0) -> 0.0094451004 | AO53: =IFERROR(AO14/$AH14,0) -> 0.069952774 | AP53: =IFERROR(AP14/$AH14,0) -> 0.048406139 | AQ53: =IFERROR(AQ14/$AH14,0) -> 0.13783943 | AR53: =IFERROR(AR14/$CA14,0) -> 0.11718566 | AS53: =IFERROR(AS14/$AR14,0) -> 0.047660146 | AT53: =IFERROR(AT14/$AR14,0) -> 0.016206367 | AU53: =IFERROR(AU14/$AR14,0) -> 0.0099731492 | AV53: =IFERROR(AV14/$AR14,0) -> 0.040372075 | AW53: =IFERROR(AW14/$AR14,0) -> 0.05686613 | AX53: =IFERROR(AX14/$AR14,0) -> 0.066935175 | AY53: =IFERROR(AY14/$AR14,0) -> 0.17510549 | AZ53: =IFERROR(AZ14/$AR14,0) -> 0.51956272 | BA53: =IFERROR(BA14/$AR14,0) -> 0.067318757 | BB53: =IFERROR(BB14/$CA14,0) -> 0.11974783 | BC53: =IFERROR(BC14/$BB14,0) -> 0.075825826 | BD53: =IFERROR(BD14/$BB14,0) -> 0.12809685 | BE53: =IFERROR(BE14/$BB14,0) -> 0.016985736 | BF53: =IFERROR(BF14/$BB14,0) -> 0.097034535 | BG53: =IFERROR(BG14/$BB14,0) -> 0.14686562 | BH53: =IFERROR(BH14/$BB14,0) -> 0.080893393 | BI53: =IFERROR(BI14/$BB14,0) -> 0.11983859 | BJ53: =IFERROR(BJ14/$BB14,0) -> 0.17483108 | BK53: =IFERROR(BK14/$BB14,0) -> 0.15962838 | BL53: =IFERROR(BL14/$CA14,0) -> 0.03758976 | BM53: =IFERROR(BM14/$BL14,0) -> 0.025411061 | BN53: =IFERROR(BN14/$BL14,0) -> 0.029297459 | BO53: =IFERROR(BO14/$BL14,0) -> 0.0035874439 | BP53: =IFERROR(BP14/$BL14,0) -> 0.10911809 | BQ53: =IFERROR(BQ14/$BL14,0) -> 0.018535127 | BR53: =IFERROR(BR14/$BL14,0) -> 0.26068759 | BS53: =IFERROR(BS14/$BL14,0) -> 0.20059791 | BT53: =IFERROR(BT14/$BL14,0) -> 0.35276532 | BU53: =IFERROR(BU14/$CA14,0) -> 0.1291537 | BV53: =IFERROR(BV14/$BU14,0) -> 0.066649265 | BW53: =IFERROR(BW14/$BU14,0) -> 0.01174628 | BX53: =IFERROR(BX14/$BU14,0) -> 0.00017401897 | BY53: =IFERROR(BY14/$BU14,0) -> 0.66492648 | BZ53: =IFERROR(BZ14/$BU14,0) -> 0.25650396 | CA53: =B53+M53+P53+Z53+AD53+AH53+AR53+BB53+BL53+BU53 -> 1
A54: =A15 -> Y1999 | B54: =IFERROR(B15/$CA15,0) -> 0.18271577 | C54: =IFERROR(C15/$B15,0) -> 0.043960196 | D54: =IFERROR(D15/$B15,0) -> 0.26218667 | E54: =IFERROR(E15/$B15,0) -> 0.13912332 | F54: =IFERROR(F15/$B15,0) -> 0.087353571 | G54: =IFERROR(G15/$B15,0) -> 0.30746945 | H54: =IFERROR(H15/$B15,0) -> 0.075072427 | I54: =IFERROR(I15/$B15,0) -> 0.010328757 | J54: =IFERROR(J15/$B15,0) -> 0.013414788 | ... L54: =IFERROR(L15/$B15,0) -> 0.021665197 | M54: =IFERROR(M15/$CA15,0) -> 0.016133487 | N54: =IFERROR(N15/$M15,0) -> 0.95934379 | O54: =IFERROR(O15/$M15,0) -> 0.040656205 | P54: =IFERROR(P15/$CA15,0) -> 0.19181818 | Q54: =IFERROR(Q15/$P15,0) -> 0.020577119 | R54: =IFERROR(R15/$P15,0) -> 0.046613474 | S54: =IFERROR(S15/$P15,0) -> 0.00077989082 | T54: =IFERROR(T15/$P15,0) -> 0.041874138 | U54: =IFERROR(U15/$P15,0) -> 0.001799748 | V54: =IFERROR(V15/$P15,0) -> 0.23828664 | W54: =IFERROR(W15/$P15,0) -> 0.024896514 | X54: =IFERROR(X15/$P15,0) -> 0.60975463 | Y54: =IFERROR(Y15/$P15,0) -> 0.015417841 | Z54: =IFERROR(Z15/$CA15,0) -> 0.16639816 | AA54: =IFERROR(AA15/$Z15,0) -> 0.5813278 | AB54: =IFERROR(AB15/$Z15,0) -> 0.28865837 | AC54: =IFERROR(AC15/$Z15,0) -> 0.13001383 | AD54: =IFERROR(AD15/$CA15,0) -> 0.0037744534 | AE54: =IFERROR(AE15/$AD15,0) -> 0.68902439 | AF54: =IFERROR(AF15/$AD15,0) -> 0.1554878 | AG54: =IFERROR(AG15/$AD15,0) -> 0.1554878 | AH54: =IFERROR(AH15/$CA15,0) -> 0.044361335 | AI54: =IFERROR(AI15/$AH15,0) -> 0.041245136 | AJ54: =IFERROR(AJ15/$AH15,0) -> 0.098573281 | AK54: =IFERROR(AK15/$AH15,0) -> 0.13592737 | AL54: =IFERROR(AL15/$AH15,0) -> 0.38417639 | AM54: =IFERROR(AM15/$AH15,0) -> 0.086640726 | AN54: =IFERROR(AN15/$AH15,0) -> 0.0080415045 | AO54: =IFERROR(AO15/$AH15,0) -> 0.060181582 | AP54: =IFERROR(AP15/$AH15,0) -> 0.0461738 | AQ54: =IFERROR(AQ15/$AH15,0) -> 0.13904021 | AR54: =IFERROR(AR15/$CA15,0) -> 0.12294591 | AS54: =IFERROR(AS15/$AR15,0) -> 0.040247098 | AT54: =IFERROR(AT15/$AR15,0) -> 0.016847623 | AU54: =IFERROR(AU15/$AR15,0) -> 0.012916511 | AV54: =IFERROR(AV15/$AR15,0) -> 0.043991015 | AW54: =IFERROR(AW15/$AR15,0) -> 0.056533134 | AX54: =IFERROR(AX15/$AR15,0) -> 0.08124298 | AY54: =IFERROR(AY15/$AR15,0) -> 0.12748034 | AZ54: =IFERROR(AZ15/$AR15,0) -> 0.55915388 | BA54: =IFERROR(BA15/$AR15,0) -> 0.06158742 | BB54: =IFERROR(BB15/$CA15,0) -> 0.12644419 | BC54: =IFERROR(BC15/$BB15,0) -> 0.07216964 | BD54: =IFERROR(BD15/$BB15,0) -> 0.099745177 | BE54: =IFERROR(BE15/$BB15,0) -> 0.017928649 | BF54: =IFERROR(BF15/$BB15,0) -> 0.093647616 | BG54: =IFERROR(BG15/$BB15,0) -> 0.12786676 | BH54: =IFERROR(BH15/$BB15,0) -> 0.082453586 | BI54: =IFERROR(BI15/$BB15,0) -> 0.11812887 | BJ54: =IFERROR(BJ15/$BB15,0) -> 0.22215144 | BK54: =IFERROR(BK15/$BB15,0) -> 0.16590826 | BL54: =IFERROR(BL15/$CA15,0) -> 0.041634062 | BM54: =IFERROR(BM15/$BL15,0) -> 0.021282477 | BN54: =IFERROR(BN15/$BL15,0) -> 0.035102266 | BO54: =IFERROR(BO15/$BL15,0) -> 0.0033167496 | BP54: =IFERROR(BP15/$BL15,0) -> 0.091487009 | BQ54: =IFERROR(BQ15/$BL15,0) -> 0.017412935 | BR54: =IFERROR(BR15/$BL15,0) -> 0.27750138 | BS54: =IFERROR(BS15/$BL15,0) -> 0.21669431 | BT54: =IFERROR(BT15/$BL15,0) -> 0.33720287 | BU54: =IFERROR(BU15/$CA15,0) -> 0.10377445 | BV54: =IFERROR(BV15/$BU15,0) -> 0.20037702 | BW54: =IFERROR(BW15/$BU15,0) -> 0.010867155 | BX54: =IFERROR(BX15/$BU15,0) -> 0.00088711466 | BY54: =IFERROR(BY15/$BU15,0) -> 0.53337769 | BZ54: =IFERROR(BZ15/$BU15,0) -> 0.25449102 | CA54: =B54+M54+P54+Z54+AD54+AH54+AR54+BB54+BL54+BU54 -> 1
... A78: =A39 -> Y2023 | B78: =IFERROR(B39/$CA39,0) -> 0.098471837 | C78: =IFERROR(C39/$B39,0) -> 0.022557212 | D78: =IFERROR(D39/$B39,0) -> 0.32606915 | E78: =IFERROR(E39/$B39,0) -> 0.054800007 | F78: =IFERROR(F39/$B39,0) -> 0.024596282 | G78: =IFERROR(G39/$B39,0) -> 0.3758261 | H78: =IFERROR(H39/$B39,0) -> 0.10768839 | I78: =IFERROR(I39/$B39,0) -> 0.0053525589 | J78: =IFERROR(J39/$B39,0) -> 0.0090483733 | ... L78: =IFERROR(L39/$B39,0) -> 0.042274291 | M78: =IFERROR(M39/$CA39,0) -> 0.0046056429 | N78: =IFERROR(N39/$M39,0) -> 0.99065784 | O78: =IFERROR(O39/$M39,0) -> 0.0093421565 | P78: =IFERROR(P39/$CA39,0) -> 0.36363424 | Q78: =IFERROR(Q39/$P39,0) -> 0.0022382946 | R78: =IFERROR(R39/$P39,0) -> 0.027150414 | S78: =IFERROR(S39/$P39,0) -> 6.9022299e-05 | T78: =IFERROR(T39/$P39,0) -> 0.0071092968 | U78: =IFERROR(U39/$P39,0) -> 0.0010156138 | V78: =IFERROR(V39/$P39,0) -> 0.036739584 | W78: =IFERROR(W39/$P39,0) -> 0.095240912 | X78: =IFERROR(X39/$P39,0) -> 0.82721746 | Y78: =IFERROR(Y39/$P39,0) -> 0.0032193972 | Z78: =IFERROR(Z39/$CA39,0) -> 0.34856775 | AA78: =IFERROR(AA39/$Z39,0) -> 0.52439708 | AB78: =IFERROR(AB39/$Z39,0) -> 0.081273884 | AC78: =IFERROR(AC39/$Z39,0) -> 0.39432904 | AD78: =IFERROR(AD39/$CA39,0) -> 0.0028863702 | AE78: =IFERROR(AE39/$AD39,0) -> 0.65341615 | AF78: =IFERROR(AF39/$AD39,0) -> 0.2621118 | AG78: =IFERROR(AG39/$AD39,0) -> 0.08447205 | AH78: =IFERROR(AH39/$CA39,0) -> 0.020634858 | AI78: =IFERROR(AI39/$AH39,0) -> 0.019374457 | AJ78: =IFERROR(AJ39/$AH39,0) -> 0.10973067 | AK78: =IFERROR(AK39/$AH39,0) -> 0.080278019 | AL78: =IFERROR(AL39/$AH39,0) -> 0.41294527 | AM78: =IFERROR(AM39/$AH39,0) -> 0.14726325 | AN78: =IFERROR(AN39/$AH39,0) -> 0.029365769 | AO78: =IFERROR(AO39/$AH39,0) -> 0.023110339 | AP78: =IFERROR(AP39/$AH39,0) -> 0.033622937 | AQ78: =IFERROR(AQ39/$AH39,0) -> 0.1443093 | AR78: =IFERROR(AR39/$CA39,0) -> 0.034810342 | AS78: =IFERROR(AS39/$AR39,0) -> 0.0057166401 | AT78: =IFERROR(AT39/$AR39,0) -> 0.020497502 | AU78: =IFERROR(AU39/$AR39,0) -> 0.0050986249 | AV78: =IFERROR(AV39/$AR39,0) -> 0.045990627 | AW78: =IFERROR(AW39/$AR39,0) -> 0.018849462 | AX78: =IFERROR(AX39/$AR39,0) -> 0.044188083 | AY78: =IFERROR(AY39/$AR39,0) -> 0.060050471 | AZ78: =IFERROR(AZ39/$AR39,0) -> 0.72488026 | BA78: =IFERROR(BA39/$AR39,0) -> 0.074728331 | BB78: =IFERROR(BB39/$CA39,0) -> 0.033467553 | BC78: =IFERROR(BC39/$BB39,0) -> 0.069798586 | BD78: =IFERROR(BD39/$BB39,0) -> 0.11393829 | BE78: =IFERROR(BE39/$BB39,0) -> 0.014623955 | BF78: =IFERROR(BF39/$BB39,0) -> 0.1638633 | BG78: =IFERROR(BG39/$BB39,0) -> 0.079708592 | BH78: =IFERROR(BH39/$BB39,0) -> 0.14372188 | BI78: =IFERROR(BI39/$BB39,0) -> 0.15872081 | BJ78: =IFERROR(BJ39/$BB39,0) -> 0.11731305 | BK78: =IFERROR(BK39/$BB39,0) -> 0.13831155 | BL78: =IFERROR(BL39/$CA39,0) -> 0.018890486 | BM78: =IFERROR(BM39/$BL39,0) -> 0.016133624 | BN78: =IFERROR(BN39/$BL39,0) -> 0.017936794 | BO78: =IFERROR(BO39/$BL39,0) -> 0.017936794 | BP78: =IFERROR(BP39/$BL39,0) -> 0.066622378 | BQ78: =IFERROR(BQ39/$BL39,0) -> 0.017367372 | BR78: =IFERROR(BR39/$BL39,0) -> 0.46294012 | BS78: =IFERROR(BS39/$BL39,0) -> 0.054854323 | BT78: =IFERROR(BT39/$BL39,0) -> 0.3462086 | BU78: =IFERROR(BU39/$CA39,0) -> 0.074030915 | BV78: =IFERROR(BV39/$BU39,0) -> 0.014917421 | BW78: =IFERROR(BW39/$BU39,0) -> 0.048699569 | BX78: =IFERROR(BX39/$BU39,0) -> 0.00026638253 | BY78: =IFERROR(BY39/$BU39,0) -> 0.68661307 | BZ78: =IFERROR(BZ39/$BU39,0) -> 0.24950356 | CA78: =B78+M78+P78+Z78+AD78+AH78+AR78+BB78+BL78+BU78 -> 1

Sheet Import_Statistical
A1: Import | B1: 0 Food and live animals ; | C1: 00 Live animals (excl. fish (not marine mammals) crustaceans, molluscs and aquatic invertebrates of SITC Division 03) ; | D1: 01 Meat and meat preparations ; | E1: 02 Dairy products and birds’ eggs ; | F1: 03 Fish (excl. marine mammals) crustaceans, molluscs and aquatic invertebrates, and preparations thereof (excl. extracts and juices of fish, crustaceans, molluscs or other aquatic invertebrates, prepared or preserved of SITC 01710) ; | G1: 04 Cereals and cereal preparations ; | H1: 05 Vegetables and fruit ; | I1: 06 Sugars, sugar preparations and honey ; | J1: 07 Coffee, tea, cocoa, spices, and manufactures thereof ; | K1: 08 Feeding stuff for animals (excl. unmilled cereals) ; | L1: 09 Miscellaneous edible products and preparations ; | M1: 1 Beverages and tobacco ; | N1: 11 Beverages ; | O1: 12 Tobacco and tobacco manufactures ; | P1: 2 Crude materials, inedible, except fuels ; | Q1: 21 Hides, skins and furskins, raw ; | R1: 22 Oil-seeds and oleaginous fruits ; | S1: 23 Crude rubber (incl. synthetic and reclaimed) ; | T1: 24 Cork and wood ; | U1: 25 Pulp and waste paper ; | V1: 26 Textile fibres (excl. wool tops and other combed wool) and their wastes, not manufactured into yarn or fabric ; | W1: 27 Crude fertilizers (excl. those of Division 56) and crude minerals (excl. coal, petroleum and precious stones) ; | X1: 28 Metalliferous ores and metal scrap ; | Y1: 29 Crude animal and vegetable materials, nes ; | Z1: 3 Mineral fuels, lubricants and related materials ; | AA1: 31 Coal, coke and briquettes ; | AB1: 32 Petroleum, petroleum products and related materials ; | AC1: 33 Gas, natural and manufactured ; | AD1: 4 Animal and vegetable oils, fats and waxes ; | AE1: 41 Animal oils and fats ; | AF1: 42 Fixed vegetable fats and oils, crude, refined or fractionated ; | AG1: 43 Animal or vegetable fats and oils, processed; waxes of animal or vegetable origin; inedible mixtures or preparations of animal or vegetable fats or oils, nes ; | AH1: 5 Chemicals and related products, nes ; | AI1: 51 Organic chemicals ; | AJ1: 52 Inorganic chemicals ; | AK1: 53 Dyeing, tanning and colouring materials ; | AL1: 54 Medicinal and pharmaceutical products ; | AM1: 55 Essential oils and resinoids and perfume materials; toilet, polishing and cleansing preparations ; | AN1: 56 Fertilisers (excl. those of group 272) ; | AO1: 57 Plastics in primary forms ; | AP1: 58 Plastics in non-primary forms ; | AQ1: 59 Chemical materials and products, nes ; | AR1: 6 Manufactured goods classified chiefly by material ; | AS1: 61 Leather, leather manufactures, nes, and dressed furskins ; | AT1: 62 Rubber manufactures, nes ; | AU1: 63 Cork and wood manufactures (excl. furniture) ; | AV1: 64 Paper, paperboard and articles of paper pulp, of paper or of paperboard ; | AW1: 65 Textile yarn, fabrics, made-up articles nes, and related products ; | AX1: 66 Non-metallic mineral manufactures, nes ; | AY1: 67 Iron and steel ; | AZ1: 68 Non-ferrous metals ; | BA1: 69 Manufactures of metals, nes ; | BB1: 7 Machinery and transport equipment ; | BC1: 71 Power generating machinery and equipment ; | BD1: 72 Machinery specialized for particular industries ; | BE1: 73 Metalworking machinery ; | BF1: 74 General industrial machinery and equipment, nes, and machine parts, nes ; | BG1: 75 Office machines and automatic data processing machines ; | BH1: 76 Telecommunications and sound recording and reproducing apparatus and equipment ; | BI1: 77 Electrical machinery, apparatus and appliances, nes, and electrical parts thereof (incl. non electrical counterparts, nes, of electrical household type equipment) ; | BJ1: 78 Road vehicles (incl. air-cushion vehicles) ; | BK1: 79 Transport equipment (excl. road vehicles) ; | BL1: 8 Miscellaneous manufactured articles ; | BM1: 81 Prefabricated buildings and sanitary, plumbing, heating and lighting fixtures and fittings, nes ; | BN1: 82 Furniture and parts thereof; bedding, mattresses, mattress supports, cushions and similar stuffed furnishings ; | BO1: 83 Travel goods, handbags and similar containers ; | BP1: 84 Articles of apparel and clothing accessories ; | BQ1: 85 Footwear ; | BR1: 87 Professional, scientific and controlling instruments and apparatus, nes ; | BS1: 88 Photographic apparatus, equipment and supplies and optical goods, nes; watches and clocks ; | BT1: 89 Miscellaneous manufactured articles, nes ; | BU1: 9 Commodities and transactions not classified elsewhere in the SITC ; | BV1: 91 Special transactions and commodities not classified according to kind ; | BW1: 92 Gold coin whether or not legal tender, and other coin being legal tender ; | BX1: 93 Coin (excl. gold coin) not being legal tender ; | BY1: 94 Gold, non-monetary (excl. gold ores and concentrates) ; | BZ1: 95 Combined confidential items excluding some of SITC 28099 (exports only) and some of SITC 51099 (imports only) ; | CA1: -1 TOTAL ;
A2: Unit | B2: $ Millions | C2: $ Millions | D2: $ Millions | E2: $ Millions | F2: $ Millions | G2: $ Millions | H2: $ Millions | I2: $ Millions | J2: $ Millions | K2: $ Millions | L2: $ Millions | M2: $ Millions | N2: $ Millions | O2: $ Millions | P2: $ Millions | Q2: $ Millions | R2: $ Millions | S2: $ Millions | T2: $ Millions | U2: $ Millions | V2: $ Millions | W2: $ Millions | X2: $ Millions | Y2: $ Millions | Z2: $ Millions | AA2: $ Millions | AB2: $ Millions | AC2: $ Millions | AD2: $ Millions | AE2: $ Millions | AF2: $ Millions | AG2: $ Millions | AH2: $ Millions | AI2: $ Millions | AJ2: $ Millions | AK2: $ Millions | AL2: $ Millions | AM2: $ Millions | AN2: $ Millions | AO2: $ Millions | AP2: $ Millions | AQ2: $ Millions | AR2: $ Millions | AS2: $ Millions | AT2: $ Millions | AU2: $ Millions | AV2: $ Millions | AW2: $ Millions | AX2: $ Millions | AY2: $ Millions | AZ2: $ Millions | BA2: $ Millions | BB2: $ Millions | BC2: $ Millions | BD2: $ Millions | BE2: $ Millions | BF2: $ Millions | BG2: $ Millions | BH2: $ Millions | BI2: $ Millions | BJ2: $ Millions | BK2: $ Millions | BL2: $ Millions | BM2: $ Millions | BN2: $ Millions | BO2: $ Millions | BP2: $ Millions | BQ2: $ Millions | BR2: $ Millions | BS2: $ Millions | BT2: $ Millions | BU2: $ Millions | BV2: $ Millions | BW2: $ Millions | BX2: $ Millions | BY2: $ Millions | BZ2: $ Millions | CA2: $ Millions
A3: Series ID | B3: A1828644C | C3: A1828645F | D3: A1828646J | E3: A1828647K | F3: A1828648L | G3: A1828649R | H3: A1828650X | I3: A1828651A | J3: A1828652C | K3: A1828653F | L3: A1828654J | M3: A1828655K | N3: A1828656L | O3: A1828657R | P3: A1828658T | Q3: A1828659V | R3: A1828660C | S3: A1828661F | T3: A1828662J | U3: A1828663K | V3: A1828664L | W3: A1828665R | X3: A1828666T | Y3: A1828667V | Z3: A1828668W | AA3: A1828669X | AB3: A1828670J | AC3: A1828671K | AD3: A1828672L | AE3: A1828673R | AF3: A1828674T | AG3: A1828675V | AH3: A1828676W | AI3: A1828677X | AJ3: A1828678A | AK3: A1828679C | AL3: A1828680L | AM3: A1828681R | AN3: A1828682T | AO3: A1828683V | AP3: A1828684W | AQ3: A1828685X | AR3: A1828686A | AS3: A1828687C | AT3: A1828688F | AU3: A1828689J | AV3: A1828690T | AW3: A1828691V | AX3: A1828692W | AY3: A1828693X | AZ3: A1828694A | BA3: A1828695C | BB3: A1828696F | BC3: A1828697J | BD3: A1828698K | BE3: A1828699L | BF3: A1828700K | BG3: A1828701L | BH3: A1828702R | BI3: A1828703T | BJ3: A1828704V | BK3: A1828705W | BL3: A1828706X | BM3: A1828707A | BN3: A1828708C | BO3: A1828709F | BP3: A1828710R | BQ3: A1828711T | BR3: A1828712V | BS3: A1828713W | BT3: A1828714X | BU3: A1828715A | BV3: A1828716C | BW3: A1828717F | BX3: A1828718J | BY3: A1828719K | BZ3: A1828720V | CA3: A1828721W
A4: Y1988 | B4: 1689 | C4: 154 | D4: 25 | E4: 90 | F4: 406 | G4: 69 | H4: 312 | I4: 37 | J4: 359 | K4: 60 | L4: 177 | M4: 367 | N4: 264 | O4: 103 | P4: 1518 | Q4: 13 | R4: 43 | S4: 111 | T4: 483 | U4: 232 | V4: 185 | W4: 266 | X4: 81 | Y4: 104 | Z4: 1699 | AA4: 3 | AB4: 1693 | AC4: 3 | AD4: 105 | AE4: 0 | AF4: 94 | AG4: 11 | AH4: 4644 | AI4: 1172 | AJ4: 594 | AK4: 200 | AL4: 687 | AM4: 270 | AN4: 171 | AO4: 597 | AP4: 421 | AQ4: 532 | AR4: 7271 | AS4: 150 | AT4: 621 | AU4: 214 | AV4: 1212 | AW4: 1911 | AX4: 885 | AY4: 892 | AZ4: 297 | BA4: 1089 | BB4: 17882 | BC4: 1123 | BD4: 2131 | BE4: 354 | BF4: 2326 | BG4: 2899 | BH4: 1543 | BI4: 2213 | BJ4: 3852 | BK4: 1441 | BL4: 5959 | BM4: 116 | BN4: 251 | BO4: 175 | BP4: 700 | BQ4: 304 | BR4: 993 | BS4: 763 | BT4: 2657 | BU4: 1285 | BV4: 935 | BW4: 17 | BX4: 0 | BY4: 104 | BZ4: 229 | CA4: 42419
A5: Y1989 | B5: 1928 | C5: 151 | D5: 30 | E5: 96 | F5: 441 | G5: 86 | H5: 418 | I5: 49 | J5: 357 | K5: 67 | L5: 233 | M5: 386 | N5: 298 | O5: 88 | P5: 1608 | Q5: 10 | R5: 33 | S5: 103 | T5: 571 | U5: 239 | V5: 159 | W5: 256 | X5: 118 | Y5: 119 | Z5: 2643 | AA5: 23 | AB5: 2612 | AC5: 8 | AD5: 120 | AE5: 1 | AF5: 107 | AG5: 12 | AH5: 5188 | AI5: 1123 | AJ5: 760 | AK5: 233 | AL5: 739 | AM5: 327 | AN5: 227 | AO5: 699 | AP5: 483 | AQ5: 597 | AR5: 8579 | AS5: 146 | AT5: 734 | AU5: 243 | AV5: 1342 | AW5: 2045 | AX5: 1078 | AY5: 1218 | AZ5: 414 | BA5: 1359 | BB5: 23456 | BC5: 1240 | BD5: 2752 | BE5: 388 | BF5: 2891 | BG5: 3531 | BH5: 1880 | BI5: 2621 | BJ5: 5397 | BK5: 2756 | BL5: 6813 | BM5: 140 | BN5: 339 | BO5: 215 | BP5: 848 | BQ5: 342 | BR5: 1138 | BS5: 806 | BT5: 2985 | BU5: 995 | BV5: 651 | BW5: 25 | BX5: 3 | BY5: 189 | BZ5: 127 | CA5: 51716
A6: Y1990 | B6: 1915 | C6: 121 | D6: 28 | E6: 115 | F6: 438 | G6: 101 | H6: 388 | I6: 61 | J6: 316 | K6: 69 | L6: 278 | M6: 403 | N6: 301 | O6: 102 | P6: 1405 | Q6: 14 | R6: 53 | S6: 83 | T6: 456 | U6: 207 | V6: 141 | W6: 186 | X6: 148 | Y6: 117 | Z6: 2806 | AA6: 3 | AB6: 2787 | AC6: 16 | AD6: 122 | AE6: 0 | AF6: 110 | AG6: 12 | AH6: 5129 | AI6: 984 | AJ6: 695 | AK6: 229 | AL6: 904 | AM6: 339 | AN6: 261 | AO6: 613 | AP6: 459 | AQ6: 645 | AR6: 7627 | AS6: 128 | AT6: 703 | AU6: 221 | AV6: 1255 | AW6: 1856 | AX6: 996 | AY6: 834 | AZ6: 373 | BA6: 1261 | BB6: 22381 | BC6: 1361 | BD6: 2446 | BE6: 354 | BF6: 2789 | BG6: 3462 | BH6: 1778 | BI6: 2615 | BJ6: 4825 | BK6: 2751 | BL6: 6918 | BM6: 139 | BN6: 314 | BO6: 209 | BP6: 914 | BQ6: 359 | BR6: 1155 | BS6: 786 | BT6: 3042 | BU6: 1092 | BV6: 493 | BW6: 28 | BX6: 7 | BY6: 427 | BZ6: 137 | CA6: 49798
A7: Y1991 | B7: 2009 | C7: 62 | D7: 40 | E7: 133 | F7: 453 | G7: 108 | H7: 433 | I7: 57 | J7: 310 | K7: 85 | L7: 328 | M7: 388 | N7: 286 | O7: 102 | P7: 1195 | Q7: 9 | R7: 58 | S7: 79 | T7: 437 | U7: 130 | V7: 134 | W7: 123 | X7: 115 | Y7: 110 | Z7: 2949 | AA7: 4 | AB7: 2938 | AC7: 7 | AD7: 137 | AE7: 0 | AF7: 124 | AG7: 13 | AH7: 5252 | AI7: 1044 | AJ7: 718 | AK7: 245 | AL7: 937 | AM7: 350 | AN7: 284 | AO7: 602 | AP7: 454 | AQ7: 618 | AR7: 7575 | AS7: 118 | AT7: 704 | AU7: 225 | AV7: 1209 | AW7: 1907 | AX7: 925 | AY7: 895 | AZ7: 371 | BA7: 1221 | BB7: 21886 | BC7: 1311 | BD7: 2023 | BE7: 315 | BF7: 2764 | BG7: 3406 | BH7: 1823 | BI7: 2645 | BJ7: 4280 | BK7: 3319 | BL7: 7281 | BM7: 154 | BN7: 301 | BO7: 221 | BP7: 1027 | BQ7: 384 | BR7: 1241 | BS7: 793 | BT7: 3160 | BU7: 998 | BV7: 28 | BW7: 11 | BX7: 0 | BY7: 866 | BZ7: 93 | CA7: 49670
A8: Y1992 | B8: 2148 | C8: 59 | D8: 39 | E8: 152 | F8: 483 | G8: 131 | H8: 475 | I8: 73 | J8: 328 | K8: 70 | L8: 338 | M8: 410 | N8: 303 | O8: 107 | P8: 1419 | Q8: 0 | R8: 58 | S8: 93 | T8: 516 | U8: 153 | V8: 142 | W8: 154 | X8: 170 | Y8: 133 | Z8: 3242 | AA8: 5 | AB8: 3222 | AC8: 15 | AD8: 174 | AE8: 0 | AF8: 156 | AG8: 18 | AH8: 6220 | AI8: 1284 | AJ8: 700 | AK8: 305 | AL8: 1275 | AM8: 438 | AN8: 310 | AO8: 650 | AP8: 531 | AQ8: 727 | AR8: 8433 | AS8: 132 | AT8: 781 | AU8: 245 | AV8: 1387 | AW8: 2090 | AX8: 1024 | AY8: 856 | AZ8: 440 | BA8: 1478 | BB8: 23732 | BC8: 1345 | BD8: 2350 | BE8: 314 | BF8: 2892 | BG8: 3949 | BH8: 2188 | BI8: 3093 | BJ8: 5576 | BK8: 2025 | BL8: 8515 | BM8: 166 | BN8: 342 | BO8: 273 | BP8: 1208 | BQ8: 481 | BR8: 1444 | BS8: 931 | BT8: 3670 | BU8: 1198 | BV8: 27 | BW8: 1 | BX8: 0 | BY8: 1104 | BZ8: 66 | CA8: 55491
A9: Y1993 | B9: 2381 | C9: 65 | D9: 39 | E9: 159 | F9: 538 | G9: 139 | H9: 501 | I9: 73 | J9: 358 | K9: 87 | L9: 422 | M9: 451 | N9: 318 | O9: 133 | P9: 1548 | Q9: 4 | R9: 65 | S9: 111 | T9: 652 | U9: 141 | V9: 153 | W9: 139 | X9: 128 | Y9: 155 | Z9: 3819 | AA9: 16 | AB9: 3781 | AC9: 22 | AD9: 196 | AE9: 0 | AF9: 179 | AG9: 17 | AH9: 6843 | AI9: 1491 | AJ9: 582 | AK9: 335 | AL9: 1393 | AM9: 491 | AN9: 376 | AO9: 728 | AP9: 606 | AQ9: 841 | AR9: 9137 | AS9: 137 | AT9: 883 | AU9: 274 | AV9: 1485 | AW9: 2208 | AX9: 1038 | AY9: 1038 | AZ9: 476 | BA9: 1598 | BB9: 27486 | BC9: 1665 | BD9: 2717 | BE9: 324 | BF9: 3425 | BG9: 4576 | BH9: 2488 | BI9: 3752 | BJ9: 6695 | BK9: 1844 | BL9: 9421 | BM9: 182 | BN9: 369 | BO9: 272 | BP9: 1454 | BQ9: 515 | BR9: 1648 | BS9: 1024 | BT9: 3957 | BU9: 1109 | BV9: 37 | BW9: 1 | BX9: 0 | BY9: 1003 | BZ9: 68 | CA9: 62391
A10: Y1994 | B10: 2583 | C10: 81 | D10: 42 | E10: 161 | F10: 582 | G10: 148 | H10: 504 | I10: 75 | J10: 437 | K10: 107 | L10: 446 | M10: 501 | N10: 338 | O10: 163 | P10: 1650 | Q10: 4 | R10: 105 | S10: 128 | T10: 605 | U10: 131 | V10: 174 | W10: 163 | X10: 169 | Y10: 171 | Z10: 3264 | AA10: 26 | AB10: 3212 | AC10: 26 | AD10: 209 | AE10: 2 | AF10: 187 | AG10: 20 | AH10: 7359 | AI10: 1706 | AJ10: 462 | AK10: 355 | AL10: 1504 | AM10: 547 | AN10: 443 | AO10: 804 | AP10: 666 | AQ10: 872 | AR10: 10019 | AS10: 156 | AT10: 998 | AU10: 305 | AV10: 1639 | AW10: 2368 | AX10: 1144 | AY10: 1101 | AZ10: 588 | BA10: 1720 | BB10: 31427 | BC10: 1759 | BD10: 3341 | BE10: 436 | BF10: 3912 | BG10: 5201 | BH10: 2874 | BI10: 4375 | BJ10: 7963 | BK10: 1566 | BL10: 10229 | BM10: 206 | BN10: 425 | BO10: 314 | BP10: 1547 | BQ10: 557 | BR10: 1762 | BS10: 1140 | BT10: 4278 | BU10: 861 | BV10: 25 | BW10: 1 | BX10: 0 | BY10: 773 | BZ10: 62 | CA10: 68102
A11: Y1995 | B11: 2947 | C11: 106 | D11: 51 | E11: 185 | F11: 598 | G11: 218 | H11: 575 | I11: 88 | J11: 525 | K11: 104 | L11: 497 | M11: 504 | N11: 341 | O11: 163 | P11: 1746 | Q11: 1 | R11: 131 | S11: 166 | T11: 522 | U11: 205 | V11: 182 | W11: 157 | X11: 182 | Y11: 200 | Z11: 3887 | AA11: 14 | AB11: 3823 | AC11: 50 | AD11: 251 | AE11: 2 | AF11: 226 | AG11: 23 | AH11: 8599 | AI11: 1862 | AJ11: 797 | AK11: 370 | AL11: 1691 | AM11: 598 | AN11: 584 | AO11: 980 | AP11: 774 | AQ11: 943 | AR11: 11353 | AS11: 168 | AT11: 1084 | AU11: 327 | AV11: 2048 | AW11: 2416 | AX11: 1211 | AY11: 1459 | AZ11: 689 | BA11: 1951 | BB11: 36393 | BC11: 1845 | BD11: 3914 | BE11: 558 | BF11: 4379 | BG11: 5969 | BH11: 3684 | BI11: 5298 | BJ11: 8433 | BK11: 2313 | BL11: 10963 | BM11: 218 | BN11: 457 | BO11: 359 | BP11: 1703 | BQ11: 568 | BR11: 1887 | BS11: 1230 | BT11: 4541 | BU11: 827 | BV11: 27 | BW11: 1 | BX11: 0 | BY11: 731 | BZ11: 68 | CA11: 77470
A12: Y1996 | B12: 2919 | C12: 92 | D12: 56 | E12: 201 | F12: 605 | G12: 165 | H12: 597 | I12: 87 | J12: 484 | K12: 105 | L12: 527 | M12: 511 | N12: 341 | O12: 170 | P12: 1503 | Q12: 0 | R12: 100 | S12: 144 | T12: 419 | U12: 155 | V12: 166 | W12: 131 | X12: 171 | Y12: 217 | Z12: 4898 | AA12: 15 | AB12: 4800 | AC12: 83 | AD12: 263 | AE12: 4 | AF12: 236 | AG12: 23 | AH12: 9078 | AI12: 2007 | AJ12: 795 | AK12: 404 | AL12: 1937 | AM12: 623 | AN12: 746 | AO12: 869 | AP12: 719 | AQ12: 978 | AR12: 10610 | AS12: 159 | AT12: 1119 | AU12: 319 | AV12: 1770 | AW12: 2319 | AX12: 1208 | AY12: 1264 | AZ12: 601 | BA12: 1851 | BB12: 36813 | BC12: 2037 | BD12: 4107 | BE12: 606 | BF12: 4567 | BG12: 5882 | BH12: 3724 | BI12: 5100 | BJ12: 8243 | BK12: 2547 | BL12: 11055 | BM12: 225 | BN12: 495 | BO12: 343 | BP12: 1802 | BQ12: 610 | BR12: 1892 | BS12: 1241 | BT12: 4447 | BU12: 751 | BV12: 31 | BW12: 9 | BX12: 0 | BY12: 643 | BZ12: 68 | CA12: 78401
A13: Y1997 | B13: 3192 | C13: 120 | D13: 69 | E13: 193 | F13: 631 | G13: 204 | H13: 590 | I13: 90 | J13: 582 | K13: 134 | L13: 579 | M13: 544 | N13: 401 | O13: 143 | P13: 1562 | Q13: 1 | R13: 91 | S13: 130 | T13: 462 | U13: 124 | V13: 149 | W13: 165 | X13: 199 | Y13: 241 | Z13: 5023 | AA13: 13 | AB13: 4916 | AC13: 94 | AD13: 270 | AE13: 9 | AF13: 240 | AG13: 21 | AH13: 9400 | AI13: 2070 | AJ13: 634 | AK13: 425 | AL13: 2215 | AM13: 676 | AN13: 661 | AO13: 926 | AP13: 754 | AQ13: 1039 | AR13: 11533 | AS13: 159 | AT13: 1143 | AU13: 368 | AV13: 1833 | AW13: 2385 | AX13: 1336 | AY13: 1466 | AZ13: 692 | BA13: 2151 | BB13: 38694 | BC13: 1952 | BD13: 4032 | BE13: 596 | BF13: 5040 | BG13: 6496 | BH13: 3764 | BI13: 5085 | BJ13: 9590 | BK13: 2139 | BL13: 12286 | BM13: 258 | BN13: 613 | BO13: 358 | BP13: 2049 | BQ13: 658 | BR13: 2138 | BS13: 1315 | BT13: 4897 | BU13: 917 | BV13: 37 | BW13: 9 | BX13: 0 | BY13: 796 | BZ13: 75 | CA13: 83421
A14: Y1998 | B14: 3663 | C14: 120 | D14: 59 | E14: 239 | F14: 729 | G14: 230 | H14: 666 | I14: 104 | J14: 678 | K14: 155 | L14: 683 | M14: 589 | N14: 434 | O14: 155 | P14: 1624 | Q14: 0 | R14: 64 | S14: 118 | T14: 480 | U14: 173 | V14: 139 | W14: 191 | X14: 200 | Y14: 259 | Z14: 4323 | AA14: 28 | AB14: 4223 | AC14: 72 | AD14: 268 | AE14: 6 | AF14: 238 | AG14: 24 | AH14: 11037 | AI14: 2265 | AJ14: 779 | AK14: 472 | AL14: 2843 | AM14: 825 | AN14: 775 | AO14: 1010 | AP14: 871 | AQ14: 1197 | AR14: 13019 | AS14: 137 | AT14: 1318 | AU14: 419 | AV14: 2092 | AW14: 2600 | AX14: 1555 | AY14: 1609 | AZ14: 874 | BA14: 2415 | BB14: 44333 | BC14: 2163 | BD14: 4455 | BE14: 531 | BF14: 5855 | BG14: 7089 | BH14: 4140 | BI14: 5716 | BJ14: 11724 | BK14: 2660 | BL14: 14555 | BM14: 309 | BN14: 751 | BO14: 360 | BP14: 2419 | BQ14: 780 | BR14: 2457 | BS14: 1421 | BT14: 6058 | BU14: 3369 | BV14: 43 | BW14: 4 | BX14: 0 | BY14: 3174 | BZ14: 148 | CA14: 96780
A15: Y1999 | B15: 3844 | C15: 125 | D15: 98 | E15: 274 | F15: 779 | G15: 253 | H15: 742 | I15: 106 | J15: 630 | K15: 144 | L15: 693 | M15: 672 | N15: 496 | O15: 176 | P15: 1621 | Q15: 0 | R15: 68 | S15: 104 | T15: 486 | U15: 203 | V15: 139 | W15: 157 | X15: 182 | Y15: 282 | Z15: 5909 | AA15: 26 | AB15: 5797 | AC15: 86 | AD15: 284 | AE15: 6 | AF15: 244 | AG15: 34 | AH15: 11762 | AI15: 2557 | AJ15: 660 | AK15: 500 | AL15: 3212 | AM15: 884 | AN15: 746 | AO15: 1041 | AP15: 901 | AQ15: 1261 | AR15: 12934 | AS15: 159 | AT15: 1231 | AU15: 510 | AV15: 2186 | AW15: 2579 | AX15: 1678 | AY15: 1413 | AZ15: 794 | BA15: 2384 | BB15: 47801 | BC15: 2363 | BD15: 4063 | BE15: 436 | BF15: 5355 | BG15: 7199 | BH15: 5907 | BI15: 5897 | BJ15: 12373 | BK15: 4208 | BL15: 14513 | BM15: 325 | BN15: 893 | BO15: 382 | BP15: 2573 | BQ15: 782 | BR15: 2494 | BS15: 1447 | BT15: 5617 | BU15: 2166 | BV15: 37 | BW15: 7 | BX15: 5 | BY15: 2005 | BZ15: 112 | CA15: 101506
... A39: Y2023 | B39: 19679 | C39: 212 | D39: 1035 | E39: 2034 | F39: 2230 | G39: 2137 | H39: 3365 | I39: 611 | J39: 2582 | K39: 1438 | L39: 4035 | M39: 3516 | N39: 2928 | O39: 588 | P39: 3930 | Q39: 2 | R39: 120 | S39: 130 | T39: 841 | U39: 280 | V39: 119 | W39: 478 | X39: 1019 | Y39: 941 | Z39: 60980 | AA39: 306 | AB39: 60381 | AC39: 293 | AD39: 991 | AE39: 162 | AF39: 751 | AG39: 78 | AH39: 42832 | AI39: 2720 | AJ39: 2830 | AK39: 1148 | AL39: 17001 | AM39: 5168 | AN39: 3563 | AO39: 2728 | AP39: 2702 | AQ39: 4972 | AR39: 40646 | AS39: 176 | AT39: 5190 | AU39: 1733 | AV39: 3827 | AW39: 4277 | AX39: 4605 | AY39: 4746 | AZ39: 4174 | BA39: 11918 | BB39: 173529 | BC39: 7399 | BD39: 18320 | BE39: 1171 | BF39: 20855 | BG39: 12526 | BH39: 20205 | BI39: 23991 | BJ39: 63067 | BK39: 5995 | BL39: 55706 | BM39: 1960 | BN39: 5336 | BO39: 2249 | BP39: 12165 | BQ39: 2886 | BR39: 10011 | BS39: 2601 | BT39: 18498 | BU39: 12573 | BV39: 6 | BW39: 66 | BX39: 19 | BY39: 8565 | BZ39: 3917 | CA39: 414382
A40: Import | B40: 0 Food and live animals ; | C40: 00 Live animals (excl. fish (not marine mammals) crustaceans, molluscs and aquatic invertebrates of SITC Division 03) ; | D40: 01 Meat and meat preparations ; | E40: 02 Dairy products and birds’ eggs ; | F40: 03 Fish (excl. marine mammals) crustaceans, molluscs and aquatic invertebrates, and preparations thereof (excl. extracts and juices of fish, crustaceans, molluscs or other aquatic invertebrates, prepared or preserved of SITC 01710) ; | G40: 04 Cereals and cereal preparations ; | H40: 05 Vegetables and fruit ; | I40: 06 Sugars, sugar preparations and honey ; | J40: 07 Coffee, tea, cocoa, spices, and manufactures thereof ; | K40: 08 Feeding stuff for animals (excl. unmilled cereals) ; | L40: 09 Miscellaneous edible products and preparations ; | M40: 1 Beverages and tobacco ; | N40: 11 Beverages ; | O40: 12 Tobacco and tobacco manufactures ; | P40: 2 Crude materials, inedible, except fuels ; | Q40: 21 Hides, skins and furskins, raw ; | R40: 22 Oil-seeds and oleaginous fruits ; | S40: 23 Crude rubber (incl. synthetic and reclaimed) ; | T40: 24 Cork and wood ; | U40: 25 Pulp and waste paper ; | V40: 26 Textile fibres (excl. wool tops and other combed wool) and their wastes, not manufactured into yarn or fabric ; | W40: 27 Crude fertilizers (excl. those of Division 56) and crude minerals (excl. coal, petroleum and precious stones) ; | X40: 28 Metalliferous ores and metal scrap ; | Y40: 29 Crude animal and vegetable materials, nes ; | Z40: 3 Mineral fuels, lubricants and related materials ; | AA40: 31 Coal, coke and briquettes ; | AB40: 32 Petroleum, petroleum products and related materials ; | AC40: 33 Gas, natural and manufactured ; | AD40: 4 Animal and vegetable oils, fats and waxes ; | AE40: 41 Animal oils and fats ; | AF40: 42 Fixed vegetable fats and oils, crude, refined or fractionated ; | AG40: 43 Animal or vegetable fats and oils, processed; waxes of animal or vegetable origin; inedible mixtures or preparations of animal or vegetable fats or oils, nes ; | AH40: 5 Chemicals and related products, nes ; | AI40: 51 Organic chemicals ; | AJ40: 52 Inorganic chemicals ; | AK40: 53 Dyeing, tanning and colouring materials ; | AL40: 54 Medicinal and pharmaceutical products ; | AM40: 55 Essential oils and resinoids and perfume materials; toilet, polishing and cleansing preparations ; | AN40: 56 Fertilisers (excl. those of group 272) ; | AO40: 57 Plastics in primary forms ; | AP40: 58 Plastics in non-primary forms ; | AQ40: 59 Chemical materials and products, nes ; | AR40: 6 Manufactured goods classified chiefly by material ; | AS40: 61 Leather, leather manufactures, nes, and dressed furskins ; | AT40: 62 Rubber manufactures, nes ; | AU40: 63 Cork and wood manufactures (excl. furniture) ; | AV40: 64 Paper, paperboard and articles of paper pulp, of paper or of paperboard ; | AW40: 65 Textile yarn, fabrics, made-up articles nes, and related products ; | AX40: 66 Non-metallic mineral manufactures, nes ; | AY40: 67 Iron and steel ; | AZ40: 68 Non-ferrous metals ; | BA40: 69 Manufactures of metals, nes ; | BB40: 7 Machinery and transport equipment ; | BC40: 71 Power generating machinery and equipment ; | BD40: 72 Machinery specialized for particular industries ; | BE40: 73 Metalworking machinery ; | BF40: 74 General industrial machinery and equipment, nes, and machine parts, nes ; | BG40: 75 Office machines and automatic data processing machines ; | BH40: 76 Telecommunications and sound recording and reproducing apparatus and equipment ; | BI40: 77 Electrical machinery, apparatus and appliances, nes, and electrical parts thereof (incl. non electrical counterparts, nes, of electrical household type equipment) ; | BJ40: 78 Road vehicles (incl. air-cushion vehicles) ; | BK40: 79 Transport equipment (excl. road vehicles) ; | BL40: 8 Miscellaneous manufactured articles ; | BM40: 81 Prefabricated buildings and sanitary, plumbing, heating and lighting fixtures and fittings, nes ; | BN40: 82 Furniture and parts thereof; bedding, mattresses, mattress supports, cushions and similar stuffed furnishings ; | BO40: 83 Travel goods, handbags and similar containers ; | BP40: 84 Articles of apparel and clothing accessories ; | BQ40: 85 Footwear ; | BR40: 87 Professional, scientific and controlling instruments and apparatus, nes ; | BS40: 88 Photographic apparatus, equipment and supplies and optical goods, nes; watches and clocks ; | BT40: 89 Miscellaneous manufactured articles, nes ; | BU40: 9 Commodities and transactions not classified elsewhere in the SITC ; | BV40: 91 Special transactions and commodities not classified according to kind ; | BW40: 92 Gold coin whether or not legal tender, and other coin being legal tender ; | BX40: 93 Coin (excl. gold coin) not being legal tender ; | BY40: 94 Gold, non-monetary (excl. gold ores and concentrates) ; | BZ40: 95 Combined confidential items excluding some of SITC 28099 (exports only) and some of SITC 51099 (imports only) ; | CA40: -1 TOTAL ;
A41: Unit | B41: $ Millions | C41: $ Millions | D41: $ Millions | E41: $ Millions | F41: $ Millions | G41: $ Millions | H41: $ Millions | I41: $ Millions | J41: $ Millions | K41: $ Millions | L41: $ Millions | M41: $ Millions | N41: $ Millions | O41: $ Millions | P41: $ Millions | Q41: $ Millions | R41: $ Millions | S41: $ Millions | T41: $ Millions | U41: $ Millions | V41: $ Millions | W41: $ Millions | X41: $ Millions | Y41: $ Millions | Z41: $ Millions | AA41: $ Millions | AB41: $ Millions | AC41: $ Millions | AD41: $ Millions | AE41: $ Millions | AF41: $ Millions | AG41: $ Millions | AH41: $ Millions | AI41: $ Millions | AJ41: $ Millions | AK41: $ Millions | AL41: $ Millions | AM41: $ Millions | AN41: $ Millions | AO41: $ Millions | AP41: $ Millions | AQ41: $ Millions | AR41: $ Millions | AS41: $ Millions | AT41: $ Millions | AU41: $ Millions | AV41: $ Millions | AW41: $ Millions | AX41: $ Millions | AY41: $ Millions | AZ41: $ Millions | BA41: $ Millions | BB41: $ Millions | BC41: $ Millions | BD41: $ Millions | BE41: $ Millions | BF41: $ Millions | BG41: $ Millions | BH41: $ Millions | BI41: $ Millions | BJ41: $ Millions | BK41: $ Millions | BL41: $ Millions | BM41: $ Millions | BN41: $ Millions | BO41: $ Millions | BP41: $ Millions | BQ41: $ Millions | BR41: $ Millions | BS41: $ Millions | BT41: $ Millions | BU41: $ Millions | BV41: $ Millions | BW41: $ Millions | BX41: $ Millions | BY41: $ Millions | BZ41: $ Millions | CA41: $ Millions
A42: Series ID | B42: A1828644C | C42: A1828645F | D42: A1828646J | E42: A1828647K | F42: A1828648L | G42: A1828649R | H42: A1828650X | I42: A1828651A | J42: A1828652C | K42: A1828653F | L42: A1828654J | M42: A1828655K | N42: A1828656L | O42: A1828657R | P42: A1828658T | Q42: A1828659V | R42: A1828660C | S42: A1828661F | T42: A1828662J | U42: A1828663K | V42: A1828664L | W42: A1828665R | X42: A1828666T | Y42: A1828667V | Z42: A1828668W | AA42: A1828669X | AB42: A1828670J | AC42: A1828671K | AD42: A1828672L | AE42: A1828673R | AF42: A1828674T | AG42: A1828675V | AH42: A1828676W | AI42: A1828677X | AJ42: A1828678A | AK42: A1828679C | AL42: A1828680L | AM42: A1828681R | AN42: A1828682T | AO42: A1828683V | AP42: A1828684W | AQ42: A1828685X | AR42: A1828686A | AS42: A1828687C | AT42: A1828688F | AU42: A1828689J | AV42: A1828690T | AW42: A1828691V | AX42: A1828692W | AY42: A1828693X | AZ42: A1828694A | BA42: A1828695C | BB42: A1828696F | BC42: A1828697J | BD42: A1828698K | BE42: A1828699L | BF42: A1828700K | BG42: A1828701L | BH42: A1828702R | BI42: A1828703T | BJ42: A1828704V | BK42: A1828705W | BL42: A1828706X | BM42: A1828707A | BN42: A1828708C | BO42: A1828709F | BP42: A1828710R | BQ42: A1828711T | BR42: A1828712V | BS42: A1828713W | BT42: A1828714X | BU42: A1828715A | BV42: A1828716C | BW42: A1828717F | BX42: A1828718J | BY42: A1828719K | BZ42: A1828720V | CA42: A1828721W
A43: =A4 -> Y1988 | B43: =IFERROR(B4/$CA4,0) -> 0.039817063 | C43: =IFERROR(C4/$B4,0) -> 0.091178212 | D43: =IFERROR(D4/$B4,0) -> 0.014801658 | E43: =IFERROR(E4/$B4,0) -> 0.053285968 | F43: =IFERROR(F4/$B4,0) -> 0.24037892 | G43: =IFERROR(G4/$B4,0) -> 0.040852575 | H43: =IFERROR(H4/$B4,0) -> 0.18472469 | I43: =IFERROR(I4/$B4,0) -> 0.021906454 | J43: =IFERROR(J4/$B4,0) -> 0.21255181 | ... L43: =IFERROR(L4/$B4,0) -> 0.10479574 | M43: =IFERROR(M4/$CA4,0) -> 0.0086517834 | N43: =IFERROR(N4/$M4,0) -> 0.71934605 | O43: =IFERROR(O4/$M4,0) -> 0.28065395 | P43: =IFERROR(P4/$CA4,0) -> 0.035785851 | Q43: =IFERROR(Q4/$P4,0) -> 0.0085638999 | R43: =IFERROR(R4/$P4,0) -> 0.028326746 | S43: =IFERROR(S4/$P4,0) -> 0.07312253 | T43: =IFERROR(T4/$P4,0) -> 0.31818182 | U43: =IFERROR(U4/$P4,0) -> 0.15283267 | V43: =IFERROR(V4/$P4,0) -> 0.12187088 | W43: =IFERROR(W4/$P4,0) -> 0.17523057 | X43: =IFERROR(X4/$P4,0) -> 0.053359684 | Y43: =IFERROR(Y4/$P4,0) -> 0.068511199 | Z43: =IFERROR(Z4/$CA4,0) -> 0.040052807 | AA43: =IFERROR(AA4/$Z4,0) -> 0.0017657446 | AB43: =IFERROR(AB4/$Z4,0) -> 0.99646851 | AC43: =IFERROR(AC4/$Z4,0) -> 0.0017657446 | AD43: =IFERROR(AD4/$CA4,0) -> 0.0024753059 | AE43: =IFERROR(AE4/$AD4,0) -> 0 | AF43: =IFERROR(AF4/$AD4,0) -> 0.8952381 | AG43: =IFERROR(AG4/$AD4,0) -> 0.1047619 | AH43: =IFERROR(AH4/$CA4,0) -> 0.10947924 | AI43: =IFERROR(AI4/$AH4,0) -> 0.25236865 | AJ43: =IFERROR(AJ4/$AH4,0) -> 0.12790698 | AK43: =IFERROR(AK4/$AH4,0) -> 0.043066322 | AL43: =IFERROR(AL4/$AH4,0) -> 0.14793282 | AM43: =IFERROR(AM4/$AH4,0) -> 0.058139535 | AN43: =IFERROR(AN4/$AH4,0) -> 0.036821705 | AO43: =IFERROR(AO4/$AH4,0) -> 0.12855297 | AP43: =IFERROR(AP4/$AH4,0) -> 0.090654608 | AQ43: =IFERROR(AQ4/$AH4,0) -> 0.11455642 | AR43: =IFERROR(AR4/$CA4,0) -> 0.17140904 | AS43: =IFERROR(AS4/$AR4,0) -> 0.0206299 | AT43: =IFERROR(AT4/$AR4,0) -> 0.085407784 | AU43: =IFERROR(AU4/$AR4,0) -> 0.02943199 | AV43: =IFERROR(AV4/$AR4,0) -> 0.16668959 | AW43: =IFERROR(AW4/$AR4,0) -> 0.26282492 | AX43: =IFERROR(AX4/$AR4,0) -> 0.12171641 | AY43: =IFERROR(AY4/$AR4,0) -> 0.12267914 | AZ43: =IFERROR(AZ4/$AR4,0) -> 0.040847201 | BA43: =IFERROR(BA4/$AR4,0) -> 0.14977307 | BB43: =IFERROR(BB4/$CA4,0) -> 0.42155638 | BC43: =IFERROR(BC4/$BB4,0) -> 0.062800582 | BD43: =IFERROR(BD4/$BB4,0) -> 0.11917012 | BE43: =IFERROR(BE4/$BB4,0) -> 0.019796443 | BF43: =IFERROR(BF4/$BB4,0) -> 0.13007494 | BG43: =IFERROR(BG4/$BB4,0) -> 0.16211833 | BH43: =IFERROR(BH4/$BB4,0) -> 0.086287887 | BI43: =IFERROR(BI4/$BB4,0) -> 0.12375573 | BJ43: =IFERROR(BJ4/$BB4,0) -> 0.21541215 | BK43: =IFERROR(BK4/$BB4,0) -> 0.080583827 | BL43: =IFERROR(BL4/$CA4,0) -> 0.1404795 | BM43: =IFERROR(BM4/$BL4,0) -> 0.019466353 | BN43: =IFERROR(BN4/$BL4,0) -> 0.042121161 | BO43: =IFERROR(BO4/$BL4,0) -> 0.029367344 | BP43: =IFERROR(BP4/$BL4,0) -> 0.11746937 | BQ43: =IFERROR(BQ4/$BL4,0) -> 0.051015271 | BR43: =IFERROR(BR4/$BL4,0) -> 0.1666387 | BS43: =IFERROR(BS4/$BL4,0) -> 0.12804162 | BT43: =IFERROR(BT4/$BL4,0) -> 0.44588018 | BU43: =IFERROR(BU4/$CA4,0) -> 0.030293029 | BV43: =IFERROR(BV4/$BU4,0) -> 0.72762646 | BW43: =IFERROR(BW4/$BU4,0) -> 0.013229572 | BX43: =IFERROR(BX4/$BU4,0) -> 0 | BY43: =IFERROR(BY4/$BU4,0) -> 0.080933852 | BZ43: =IFERROR(BZ4/$BU4,0) -> 0.17821012 | CA43: =B43+M43+P43+Z43+AD43+AH43+AR43+BB43+BL43+BU43 -> 1
A44: =A5 -> Y1989 | B44: =IFERROR(B5/$CA5,0) -> 0.037280532 | C44: =IFERROR(C5/$B5,0) -> 0.078319502 | D44: =IFERROR(D5/$B5,0) -> 0.015560166 | E44: =IFERROR(E5/$B5,0) -> 0.049792531 | F44: =IFERROR(F5/$B5,0) -> 0.22873444 | G44: =IFERROR(G5/$B5,0) -> 0.044605809 | H44: =IFERROR(H5/$B5,0) -> 0.21680498 | I44: =IFERROR(I5/$B5,0) -> 0.025414938 | J44: =IFERROR(J5/$B5,0) -> 0.18516598 | ... L44: =IFERROR(L5/$B5,0) -> 0.12085062 | M44: =IFERROR(M5/$CA5,0) -> 0.007463841 | N44: =IFERROR(N5/$M5,0) -> 0.77202073 | O44: =IFERROR(O5/$M5,0) -> 0.22797927 | P44: =IFERROR(P5/$CA5,0) -> 0.031092892 | Q44: =IFERROR(Q5/$P5,0) -> 0.0062189055 | R44: =IFERROR(R5/$P5,0) -> 0.020522388 | S44: =IFERROR(S5/$P5,0) -> 0.064054726 | T44: =IFERROR(T5/$P5,0) -> 0.3550995 | U44: =IFERROR(U5/$P5,0) -> 0.14863184 | V44: =IFERROR(V5/$P5,0) -> 0.098880597 | W44: =IFERROR(W5/$P5,0) -> 0.15920398 | X44: =IFERROR(X5/$P5,0) -> 0.073383085 | Y44: =IFERROR(Y5/$P5,0) -> 0.074004975 | Z44: =IFERROR(Z5/$CA5,0) -> 0.051106041 | AA44: =IFERROR(AA5/$Z5,0) -> 0.0087022323 | AB44: =IFERROR(AB5/$Z5,0) -> 0.9882709 | AC44: =IFERROR(AC5/$Z5,0) -> 0.0030268634 | AD44: =IFERROR(AD5/$CA5,0) -> 0.0023203651 | AE44: =IFERROR(AE5/$AD5,0) -> 0.0083333333 | AF44: =IFERROR(AF5/$AD5,0) -> 0.89166667 | AG44: =IFERROR(AG5/$AD5,0) -> 0.1 | AH44: =IFERROR(AH5/$CA5,0) -> 0.10031712 | AI44: =IFERROR(AI5/$AH5,0) -> 0.21646106 | AJ44: =IFERROR(AJ5/$AH5,0) -> 0.1464919 | AK44: =IFERROR(AK5/$AH5,0) -> 0.044911334 | AL44: =IFERROR(AL5/$AH5,0) -> 0.1424441 | AM44: =IFERROR(AM5/$AH5,0) -> 0.063030069 | AN44: =IFERROR(AN5/$AH5,0) -> 0.043754819 | AO44: =IFERROR(AO5/$AH5,0) -> 0.134734 | AP44: =IFERROR(AP5/$AH5,0) -> 0.09309946 | AQ44: =IFERROR(AQ5/$AH5,0) -> 0.11507325 | AR44: =IFERROR(AR5/$CA5,0) -> 0.16588677 | AS44: =IFERROR(AS5/$AR5,0) -> 0.0170183 | AT44: =IFERROR(AT5/$AR5,0) -> 0.085557757 | AU44: =IFERROR(AU5/$AR5,0) -> 0.02832498 | AV44: =IFERROR(AV5/$AR5,0) -> 0.15642849 | AW44: =IFERROR(AW5/$AR5,0) -> 0.23837277 | AX44: =IFERROR(AX5/$AR5,0) -> 0.12565567 | AY44: =IFERROR(AY5/$AR5,0) -> 0.14197459 | AZ44: =IFERROR(AZ5/$AR5,0) -> 0.048257373 | BA44: =IFERROR(BA5/$AR5,0) -> 0.15841007 | BB44: =IFERROR(BB5/$CA5,0) -> 0.45355403 | BC44: =IFERROR(BC5/$BB5,0) -> 0.052864939 | BD44: =IFERROR(BD5/$BB5,0) -> 0.11732606 | BE44: =IFERROR(BE5/$BB5,0) -> 0.01654161 | BF44: =IFERROR(BF5/$BB5,0) -> 0.12325205 | BG44: =IFERROR(BG5/$BB5,0) -> 0.15053718 | BH44: =IFERROR(BH5/$BB5,0) -> 0.080150068 | BI44: =IFERROR(BI5/$BB5,0) -> 0.11174113 | BJ44: =IFERROR(BJ5/$BB5,0) -> 0.23009038 | BK44: =IFERROR(BK5/$BB5,0) -> 0.11749659 | BL44: =IFERROR(BL5/$CA5,0) -> 0.13173873 | BM44: =IFERROR(BM5/$BL5,0) -> 0.020548951 | BN44: =IFERROR(BN5/$BL5,0) -> 0.049757816 | BO44: =IFERROR(BO5/$BL5,0) -> 0.031557317 | BP44: =IFERROR(BP5/$BL5,0) -> 0.12446793 | BQ44: =IFERROR(BQ5/$BL5,0) -> 0.050198151 | BR44: =IFERROR(BR5/$BL5,0) -> 0.16703361 | BS44: =IFERROR(BS5/$BL5,0) -> 0.11830324 | BT44: =IFERROR(BT5/$BL5,0) -> 0.43813298 | BU44: =IFERROR(BU5/$CA5,0) -> 0.019239694 | BV44: =IFERROR(BV5/$BU5,0) -> 0.65427136 | BW44: =IFERROR(BW5/$BU5,0) -> 0.025125628 | BX44: =IFERROR(BX5/$BU5,0) -> 0.0030150754 | BY44: =IFERROR(BY5/$BU5,0) -> 0.18994975 | BZ44: =IFERROR(BZ5/$BU5,0) -> 0.12763819 | CA44: =B44+M44+P44+Z44+AD44+AH44+AR44+BB44+BL44+BU44 -> 1
A45: =A6 -> Y1990 | B45: =IFERROR(B6/$CA6,0) -> 0.03845536 | C45: =IFERROR(C6/$B6,0) -> 0.063185379 | D45: =IFERROR(D6/$B6,0) -> 0.01462141 | E45: =IFERROR(E6/$B6,0) -> 0.060052219 | F45: =IFERROR(F6/$B6,0) -> 0.22872063 | G45: =IFERROR(G6/$B6,0) -> 0.052741514 | H45: =IFERROR(H6/$B6,0) -> 0.20261097 | I45: =IFERROR(I6/$B6,0) -> 0.031853786 | J45: =IFERROR(J6/$B6,0) -> 0.16501305 | ... L45: =IFERROR(L6/$B6,0) -> 0.14516971 | M45: =IFERROR(M6/$CA6,0) -> 0.0080926945 | N45: =IFERROR(N6/$M6,0) -> 0.74689826 | O45: =IFERROR(O6/$M6,0) -> 0.25310174 | P45: =IFERROR(P6/$CA6,0) -> 0.028213985 | Q45: =IFERROR(Q6/$P6,0) -> 0.0099644128 | R45: =IFERROR(R6/$P6,0) -> 0.03772242 | S45: =IFERROR(S6/$P6,0) -> 0.059074733 | T45: =IFERROR(T6/$P6,0) -> 0.32455516 | U45: =IFERROR(U6/$P6,0) -> 0.14733096 | V45: =IFERROR(V6/$P6,0) -> 0.10035587 | W45: =IFERROR(W6/$P6,0) -> 0.13238434 | X45: =IFERROR(X6/$P6,0) -> 0.10533808 | Y45: =IFERROR(Y6/$P6,0) -> 0.083274021 | Z45: =IFERROR(Z6/$CA6,0) -> 0.056347644 | AA45: =IFERROR(AA6/$Z6,0) -> 0.0010691376 | AB45: =IFERROR(AB6/$Z6,0) -> 0.9932288 | AC45: =IFERROR(AC6/$Z6,0) -> 0.005702067 | AD45: =IFERROR(AD6/$CA6,0) -> 0.0024498976 | AE45: =IFERROR(AE6/$AD6,0) -> 0 | AF45: =IFERROR(AF6/$AD6,0) -> 0.90163934 | AG45: =IFERROR(AG6/$AD6,0) -> 0.098360656 | AH45: =IFERROR(AH6/$CA6,0) -> 0.1029961 | AI45: =IFERROR(AI6/$AH6,0) -> 0.19185026 | AJ45: =IFERROR(AJ6/$AH6,0) -> 0.135504 | AK45: =IFERROR(AK6/$AH6,0) -> 0.04464808 | AL45: =IFERROR(AL6/$AH6,0) -> 0.17625268 | AM45: =IFERROR(AM6/$AH6,0) -> 0.066094755 | AN45: =IFERROR(AN6/$AH6,0) -> 0.050887112 | AO45: =IFERROR(AO6/$AH6,0) -> 0.11951647 | AP45: =IFERROR(AP6/$AH6,0) -> 0.089491129 | AQ45: =IFERROR(AQ6/$AH6,0) -> 0.12575551 | AR45: =IFERROR(AR6/$CA6,0) -> 0.15315876 | AS45: =IFERROR(AS6/$AR6,0) -> 0.016782483 | AT45: =IFERROR(AT6/$AR6,0) -> 0.092172545 | AU45: =IFERROR(AU6/$AR6,0) -> 0.028976006 | AV45: =IFERROR(AV6/$AR6,0) -> 0.164547 | AW45: =IFERROR(AW6/$AR6,0) -> 0.24334601 | AX45: =IFERROR(AX6/$AR6,0) -> 0.1305887 | AY45: =IFERROR(AY6/$AR6,0) -> 0.10934837 | AZ45: =IFERROR(AZ6/$AR6,0) -> 0.048905205 | BA45: =IFERROR(BA6/$AR6,0) -> 0.16533368 | BB45: =IFERROR(BB6/$CA6,0) -> 0.44943572 | BC45: =IFERROR(BC6/$BB6,0) -> 0.060810509 | BD45: =IFERROR(BD6/$BB6,0) -> 0.10928913 | BE45: =IFERROR(BE6/$BB6,0) -> 0.015816988 | BF45: =IFERROR(BF6/$BB6,0) -> 0.12461463 | BG45: =IFERROR(BG6/$BB6,0) -> 0.15468478 | BH45: =IFERROR(BH6/$BB6,0) -> 0.079442384 | BI45: =IFERROR(BI6/$BB6,0) -> 0.11684018 | BJ45: =IFERROR(BJ6/$BB6,0) -> 0.21558465 | BK45: =IFERROR(BK6/$BB6,0) -> 0.12291676 | BL45: =IFERROR(BL6/$CA6,0) -> 0.13892124 | BM45: =IFERROR(BM6/$BL6,0) -> 0.020092512 | BN45: =IFERROR(BN6/$BL6,0) -> 0.045388841 | BO45: =IFERROR(BO6/$BL6,0) -> 0.030211044 | BP45: =IFERROR(BP6/$BL6,0) -> 0.13211911 | BQ45: =IFERROR(BQ6/$BL6,0) -> 0.051893611 | BR45: =IFERROR(BR6/$BL6,0) -> 0.16695577 | BS45: =IFERROR(BS6/$BL6,0) -> 0.11361665 | BT45: =IFERROR(BT6/$BL6,0) -> 0.43972246 | BU45: =IFERROR(BU6/$CA6,0) -> 0.021928592 | BV45: =IFERROR(BV6/$BU6,0) -> 0.4514652 | BW45: =IFERROR(BW6/$BU6,0) -> 0.025641026 | BX45: =IFERROR(BX6/$BU6,0) -> 0.0064102564 | BY45: =IFERROR(BY6/$BU6,0) -> 0.39102564 | BZ45: =IFERROR(BZ6/$BU6,0) -> 0.12545788 | CA45: =B45+M45+P45+Z45+AD45+AH45+AR45+BB45+BL45+BU45 -> 1
A46: =A7 -> Y1991 | B46: =IFERROR(B7/$CA7,0) -> 0.04044695 | C46: =IFERROR(C7/$B7,0) -> 0.030861125 | D46: =IFERROR(D7/$B7,0) -> 0.019910403 | E46: =IFERROR(E7/$B7,0) -> 0.066202091 | F46: =IFERROR(F7/$B7,0) -> 0.22548532 | G46: =IFERROR(G7/$B7,0) -> 0.053758089 | H46: =IFERROR(H7/$B7,0) -> 0.21553011 | I46: =IFERROR(I7/$B7,0) -> 0.028372325 | J46: =IFERROR(J7/$B7,0) -> 0.15430562 | ... L46: =IFERROR(L7/$B7,0) -> 0.16326531 | M46: =IFERROR(M7/$CA7,0) -> 0.0078115563 | N46: =IFERROR(N7/$M7,0) -> 0.7371134 | O46: =IFERROR(O7/$M7,0) -> 0.2628866 | P46: =IFERROR(P7/$CA7,0) -> 0.024058788 | Q46: =IFERROR(Q7/$P7,0) -> 0.0075313808 | R46: =IFERROR(R7/$P7,0) -> 0.048535565 | S46: =IFERROR(S7/$P7,0) -> 0.066108787 | T46: =IFERROR(T7/$P7,0) -> 0.36569038 | U46: =IFERROR(U7/$P7,0) -> 0.10878661 | V46: =IFERROR(V7/$P7,0) -> 0.11213389 | W46: =IFERROR(W7/$P7,0) -> 0.10292887 | X46: =IFERROR(X7/$P7,0) -> 0.09623431 | Y46: =IFERROR(Y7/$P7,0) -> 0.092050209 | Z46: =IFERROR(Z7/$CA7,0) -> 0.059371854 | AA46: =IFERROR(AA7/$Z7,0) -> 0.001356392 | AB46: =IFERROR(AB7/$Z7,0) -> 0.99626992 | AC46: =IFERROR(AC7/$Z7,0) -> 0.002373686 | AD46: =IFERROR(AD7/$CA7,0) -> 0.0027582041 | AE46: =IFERROR(AE7/$AD7,0) -> 0 | AF46: =IFERROR(AF7/$AD7,0) -> 0.90510949 | AG46: =IFERROR(AG7/$AD7,0) -> 0.094890511 | AH46: =IFERROR(AH7/$CA7,0) -> 0.10573787 | AI46: =IFERROR(AI7/$AH7,0) -> 0.19878142 | AJ46: =IFERROR(AJ7/$AH7,0) -> 0.13670982 | AK46: =IFERROR(AK7/$AH7,0) -> 0.046648896 | AL46: =IFERROR(AL7/$AH7,0) -> 0.17840823 | AM46: =IFERROR(AM7/$AH7,0) -> 0.06664128 | AN46: =IFERROR(AN7/$AH7,0) -> 0.054074638 | AO46: =IFERROR(AO7/$AH7,0) -> 0.114623 | AP46: =IFERROR(AP7/$AH7,0) -> 0.08644326 | AQ46: =IFERROR(AQ7/$AH7,0) -> 0.11766946 | AR46: =IFERROR(AR7/$CA7,0) -> 0.15250654 | AS46: =IFERROR(AS7/$AR7,0) -> 0.015577558 | AT46: =IFERROR(AT7/$AR7,0) -> 0.092937294 | AU46: =IFERROR(AU7/$AR7,0) -> 0.02970297 | AV46: =IFERROR(AV7/$AR7,0) -> 0.15960396 | AW46: =IFERROR(AW7/$AR7,0) -> 0.25174917 | AX46: =IFERROR(AX7/$AR7,0) -> 0.12211221 | AY46: =IFERROR(AY7/$AR7,0) -> 0.11815182 | AZ46: =IFERROR(AZ7/$AR7,0) -> 0.048976898 | BA46: =IFERROR(BA7/$AR7,0) -> 0.16118812 | BB46: =IFERROR(BB7/$CA7,0) -> 0.44062815 | BC46: =IFERROR(BC7/$BB7,0) -> 0.059901307 | BD46: =IFERROR(BD7/$BB7,0) -> 0.092433519 | BE46: =IFERROR(BE7/$BB7,0) -> 0.014392762 | BF46: =IFERROR(BF7/$BB7,0) -> 0.12629078 | BG46: =IFERROR(BG7/$BB7,0) -> 0.1556246 | BH46: =IFERROR(BH7/$BB7,0) -> 0.083295257 | BI46: =IFERROR(BI7/$BB7,0) -> 0.12085351 | BJ46: =IFERROR(BJ7/$BB7,0) -> 0.1955588 | BK46: =IFERROR(BK7/$BB7,0) -> 0.15164946 | BL46: =IFERROR(BL7/$CA7,0) -> 0.14658748 | BM46: =IFERROR(BM7/$BL7,0) -> 0.021150941 | BN46: =IFERROR(BN7/$BL7,0) -> 0.041340475 | BO46: =IFERROR(BO7/$BL7,0) -> 0.030352973 | BP46: =IFERROR(BP7/$BL7,0) -> 0.14105205 | BQ46: =IFERROR(BQ7/$BL7,0) -> 0.052740008 | BR46: =IFERROR(BR7/$BL7,0) -> 0.17044362 | BS46: =IFERROR(BS7/$BL7,0) -> 0.10891361 | BT46: =IFERROR(BT7/$BL7,0) -> 0.43400632 | BU46: =IFERROR(BU7/$CA7,0) -> 0.020092611 | BV46: =IFERROR(BV7/$BU7,0) -> 0.028056112 | BW46: =IFERROR(BW7/$BU7,0) -> 0.011022044 | BX46: =IFERROR(BX7/$BU7,0) -> 0 | BY46: =IFERROR(BY7/$BU7,0) -> 0.86773547 | BZ46: =IFERROR(BZ7/$BU7,0) -> 0.093186373 | CA46: =B46+M46+P46+Z46+AD46+AH46+AR46+BB46+BL46+BU46 -> 1
A47: =A8 -> Y1992 | B47: =IFERROR(B8/$CA8,0) -> 0.03870898 | C47: =IFERROR(C8/$B8,0) -> 0.027467412 | D47: =IFERROR(D8/$B8,0) -> 0.018156425 | E47: =IFERROR(E8/$B8,0) -> 0.070763501 | F47: =IFERROR(F8/$B8,0) -> 0.22486034 | G47: =IFERROR(G8/$B8,0) -> 0.060986965 | H47: =IFERROR(H8/$B8,0) -> 0.22113594 | I47: =IFERROR(I8/$B8,0) -> 0.033985102 | J47: =IFERROR(J8/$B8,0) -> 0.15270019 | ... L47: =IFERROR(L8/$B8,0) -> 0.15735568 | M47: =IFERROR(M8/$CA8,0) -> 0.0073885855 | N47: =IFERROR(N8/$M8,0) -> 0.73902439 | O47: =IFERROR(O8/$M8,0) -> 0.26097561 | P47: =IFERROR(P8/$CA8,0) -> 0.025571714 | Q47: =IFERROR(Q8/$P8,0) -> 0 | R47: =IFERROR(R8/$P8,0) -> 0.040873855 | S47: =IFERROR(S8/$P8,0) -> 0.065539112 | T47: =IFERROR(T8/$P8,0) -> 0.36363636 | U47: =IFERROR(U8/$P8,0) -> 0.10782241 | V47: =IFERROR(V8/$P8,0) -> 0.10007047 | W47: =IFERROR(W8/$P8,0) -> 0.10852713 | X47: =IFERROR(X8/$P8,0) -> 0.11980268 | Y47: =IFERROR(Y8/$P8,0) -> 0.093727977 | Z47: =IFERROR(Z8/$CA8,0) -> 0.058423889 | AA47: =IFERROR(AA8/$Z8,0) -> 0.0015422579 | AB47: =IFERROR(AB8/$Z8,0) -> 0.99383097 | AC47: =IFERROR(AC8/$Z8,0) -> 0.0046267736 | AD47: =IFERROR(AD8/$CA8,0) -> 0.0031356436 | AE47: =IFERROR(AE8/$AD8,0) -> 0 | AF47: =IFERROR(AF8/$AD8,0) -> 0.89655172 | AG47: =IFERROR(AG8/$AD8,0) -> 0.10344828 | AH47: =IFERROR(AH8/$CA8,0) -> 0.11209025 | AI47: =IFERROR(AI8/$AH8,0) -> 0.20643087 | AJ47: =IFERROR(AJ8/$AH8,0) -> 0.11254019 | AK47: =IFERROR(AK8/$AH8,0) -> 0.04903537 | AL47: =IFERROR(AL8/$AH8,0) -> 0.20498392 | AM47: =IFERROR(AM8/$AH8,0) -> 0.070418006 | AN47: =IFERROR(AN8/$AH8,0) -> 0.049839228 | AO47: =IFERROR(AO8/$AH8,0) -> 0.10450161 | AP47: =IFERROR(AP8/$AH8,0) -> 0.085369775 | AQ47: =IFERROR(AQ8/$AH8,0) -> 0.11688103 | AR47: =IFERROR(AR8/$CA8,0) -> 0.15197059 | AS47: =IFERROR(AS8/$AR8,0) -> 0.015652793 | AT47: =IFERROR(AT8/$AR8,0) -> 0.092612356 | AU47: =IFERROR(AU8/$AR8,0) -> 0.029052532 | AV47: =IFERROR(AV8/$AR8,0) -> 0.1644729 | AW47: =IFERROR(AW8/$AR8,0) -> 0.24783588 | AX47: =IFERROR(AX8/$AR8,0) -> 0.12142772 | AY47: =IFERROR(AY8/$AR8,0) -> 0.10150599 | AZ47: =IFERROR(AZ8/$AR8,0) -> 0.052175975 | BA47: =IFERROR(BA8/$AR8,0) -> 0.17526384 | BB47: =IFERROR(BB8/$CA8,0) -> 0.42767296 | BC47: =IFERROR(BC8/$BB8,0) -> 0.056674532 | BD47: =IFERROR(BD8/$BB8,0) -> 0.099022417 | BE47: =IFERROR(BE8/$BB8,0) -> 0.01323108 | BF47: =IFERROR(BF8/$BB8,0) -> 0.12186078 | BG47: =IFERROR(BG8/$BB8,0) -> 0.1663998 | BH47: =IFERROR(BH8/$BB8,0) -> 0.092196191 | BI47: =IFERROR(BI8/$BB8,0) -> 0.13033036 | BJ47: =IFERROR(BJ8/$BB8,0) -> 0.23495702 | BK47: =IFERROR(BK8/$BB8,0) -> 0.085327827 | BL47: =IFERROR(BL8/$CA8,0) -> 0.15344831 | BM47: =IFERROR(BM8/$BL8,0) -> 0.019495009 | BN47: =IFERROR(BN8/$BL8,0) -> 0.040164416 | BO47: =IFERROR(BO8/$BL8,0) -> 0.032061069 | BP47: =IFERROR(BP8/$BL8,0) -> 0.14186729 | BQ47: =IFERROR(BQ8/$BL8,0) -> 0.05648855 | BR47: =IFERROR(BR8/$BL8,0) -> 0.16958309 | BS47: =IFERROR(BS8/$BL8,0) -> 0.10933647 | BT47: =IFERROR(BT8/$BL8,0) -> 0.43100411 | BU47: =IFERROR(BU8/$CA8,0) -> 0.021589087 | BV47: =IFERROR(BV8/$BU8,0) -> 0.022537563 | BW47: =IFERROR(BW8/$BU8,0) -> 0.00083472454 | BX47: =IFERROR(BX8/$BU8,0) -> 0 | BY47: =IFERROR(BY8/$BU8,0) -> 0.92153589 | BZ47: =IFERROR(BZ8/$BU8,0) -> 0.05509182 | CA47: =B47+M47+P47+Z47+AD47+AH47+AR47+BB47+BL47+BU47 -> 1
A48: =A9 -> Y1993 | B48: =IFERROR(B9/$CA9,0) -> 0.038162556 | C48: =IFERROR(C9/$B9,0) -> 0.027299454 | D48: =IFERROR(D9/$B9,0) -> 0.016379672 | E48: =IFERROR(E9/$B9,0) -> 0.066778664 | F48: =IFERROR(F9/$B9,0) -> 0.22595548 | G48: =IFERROR(G9/$B9,0) -> 0.058378832 | H48: =IFERROR(H9/$B9,0) -> 0.21041579 | I48: =IFERROR(I9/$B9,0) -> 0.030659387 | J48: =IFERROR(J9/$B9,0) -> 0.15035699 | ... L48: =IFERROR(L9/$B9,0) -> 0.17723646 | M48: =IFERROR(M9/$CA9,0) -> 0.0072286067 | N48: =IFERROR(N9/$M9,0) -> 0.70509978 | O48: =IFERROR(O9/$M9,0) -> 0.29490022 | P48: =IFERROR(P9/$CA9,0) -> 0.024811271 | Q48: =IFERROR(Q9/$P9,0) -> 0.0025839793 | R48: =IFERROR(R9/$P9,0) -> 0.041989664 | S48: =IFERROR(S9/$P9,0) -> 0.071705426 | T48: =IFERROR(T9/$P9,0) -> 0.42118863 | U48: =IFERROR(U9/$P9,0) -> 0.091085271 | V48: =IFERROR(V9/$P9,0) -> 0.098837209 | W48: =IFERROR(W9/$P9,0) -> 0.089793282 | X48: =IFERROR(X9/$P9,0) -> 0.082687338 | Y48: =IFERROR(Y9/$P9,0) -> 0.1001292 | Z48: =IFERROR(Z9/$CA9,0) -> 0.061210752 | AA48: =IFERROR(AA9/$Z9,0) -> 0.0041895784 | AB48: =IFERROR(AB9/$Z9,0) -> 0.99004975 | AC48: =IFERROR(AC9/$Z9,0) -> 0.0057606703 | AD48: =IFERROR(AD9/$CA9,0) -> 0.0031414787 | AE48: =IFERROR(AE9/$AD9,0) -> 0 | AF48: =IFERROR(AF9/$AD9,0) -> 0.91326531 | AG48: =IFERROR(AG9/$AD9,0) -> 0.086734694 | AH48: =IFERROR(AH9/$CA9,0) -> 0.10967928 | AI48: =IFERROR(AI9/$AH9,0) -> 0.21788689 | AJ48: =IFERROR(AJ9/$AH9,0) -> 0.085050416 | AK48: =IFERROR(AK9/$AH9,0) -> 0.048955137 | AL48: =IFERROR(AL9/$AH9,0) -> 0.20356569 | AM48: =IFERROR(AM9/$AH9,0) -> 0.071752155 | AN48: =IFERROR(AN9/$AH9,0) -> 0.054946661 | AO48: =IFERROR(AO9/$AH9,0) -> 0.10638609 | AP48: =IFERROR(AP9/$AH9,0) -> 0.08855765 | AQ48: =IFERROR(AQ9/$AH9,0) -> 0.12289931 | AR48: =IFERROR(AR9/$CA9,0) -> 0.1464474 | AS48: =IFERROR(AS9/$AR9,0) -> 0.014993981 | AT48: =IFERROR(AT9/$AR9,0) -> 0.096640035 | AU48: =IFERROR(AU9/$AR9,0) -> 0.029987961 | AV48: =IFERROR(AV9/$AR9,0) -> 0.16252599 | AW48: =IFERROR(AW9/$AR9,0) -> 0.24165481 | AX48: =IFERROR(AX9/$AR9,0) -> 0.11360403 | AY48: =IFERROR(AY9/$AR9,0) -> 0.11360403 | AZ48: =IFERROR(AZ9/$AR9,0) -> 0.052095874 | BA48: =IFERROR(BA9/$AR9,0) -> 0.17489329 | BB48: =IFERROR(BB9/$CA9,0) -> 0.44054431 | BC48: =IFERROR(BC9/$BB9,0) -> 0.060576293 | BD48: =IFERROR(BD9/$BB9,0) -> 0.098850324 | BE48: =IFERROR(BE9/$BB9,0) -> 0.011787819 | BF48: =IFERROR(BF9/$BB9,0) -> 0.12460889 | BG48: =IFERROR(BG9/$BB9,0) -> 0.16648476 | BH48: =IFERROR(BH9/$BB9,0) -> 0.09051881 | BI48: =IFERROR(BI9/$BB9,0) -> 0.13650586 | BJ48: =IFERROR(BJ9/$BB9,0) -> 0.24357855 | BK48: =IFERROR(BK9/$BB9,0) -> 0.0670887 | BL48: =IFERROR(BL9/$CA9,0) -> 0.15099934 | BM48: =IFERROR(BM9/$BL9,0) -> 0.019318544 | BN48: =IFERROR(BN9/$BL9,0) -> 0.039167817 | BO48: =IFERROR(BO9/$BL9,0) -> 0.02887167 | BP48: =IFERROR(BP9/$BL9,0) -> 0.15433606 | BQ48: =IFERROR(BQ9/$BL9,0) -> 0.05466511 | BR48: =IFERROR(BR9/$BL9,0) -> 0.17492835 | BS48: =IFERROR(BS9/$BL9,0) -> 0.10869334 | BT48: =IFERROR(BT9/$BL9,0) -> 0.42001911 | BU48: =IFERROR(BU9/$CA9,0) -> 0.017775 | BV48: =IFERROR(BV9/$BU9,0) -> 0.03336339 | BW48: =IFERROR(BW9/$BU9,0) -> 0.00090171326 | BX48: =IFERROR(BX9/$BU9,0) -> 0 | BY48: =IFERROR(BY9/$BU9,0) -> 0.90441839 | BZ48: =IFERROR(BZ9/$BU9,0) -> 0.061316501 | CA48: =B48+M48+P48+Z48+AD48+AH48+AR48+BB48+BL48+BU48 -> 1
A49: =A10 -> Y1994 | B49: =IFERROR(B10/$CA10,0) -> 0.037928402 | C49: =IFERROR(C10/$B10,0) -> 0.031358885 | D49: =IFERROR(D10/$B10,0) -> 0.016260163 | E49: =IFERROR(E10/$B10,0) -> 0.062330623 | F49: =IFERROR(F10/$B10,0) -> 0.2253194 | G49: =IFERROR(G10/$B10,0) -> 0.057297716 | H49: =IFERROR(H10/$B10,0) -> 0.19512195 | I49: =IFERROR(I10/$B10,0) -> 0.029036005 | J49: =IFERROR(J10/$B10,0) -> 0.16918312 | ... L49: =IFERROR(L10/$B10,0) -> 0.17266744 | M49: =IFERROR(M10/$CA10,0) -> 0.0073566121 | N49: =IFERROR(N10/$M10,0) -> 0.6746507 | O49: =IFERROR(O10/$M10,0) -> 0.3253493 | P49: =IFERROR(P10/$CA10,0) -> 0.024228363 | Q49: =IFERROR(Q10/$P10,0) -> 0.0024242424 | R49: =IFERROR(R10/$P10,0) -> 0.063636364 | S49: =IFERROR(S10/$P10,0) -> 0.077575758 | T49: =IFERROR(T10/$P10,0) -> 0.36666667 | U49: =IFERROR(U10/$P10,0) -> 0.079393939 | V49: =IFERROR(V10/$P10,0) -> 0.10545455 | W49: =IFERROR(W10/$P10,0) -> 0.098787879 | X49: =IFERROR(X10/$P10,0) -> 0.10242424 | Y49: =IFERROR(Y10/$P10,0) -> 0.10363636 | Z49: =IFERROR(Z10/$CA10,0) -> 0.047928108 | AA49: =IFERROR(AA10/$Z10,0) -> 0.0079656863 | AB49: =IFERROR(AB10/$Z10,0) -> 0.98406863 | AC49: =IFERROR(AC10/$Z10,0) -> 0.0079656863 | AD49: =IFERROR(AD10/$CA10,0) -> 0.003068926 | AE49: =IFERROR(AE10/$AD10,0) -> 0.009569378 | AF49: =IFERROR(AF10/$AD10,0) -> 0.89473684 | AG49: =IFERROR(AG10/$AD10,0) -> 0.09569378 | AH49: =IFERROR(AH10/$CA10,0) -> 0.1080585 | AI49: =IFERROR(AI10/$AH10,0) -> 0.23182498 | AJ49: =IFERROR(AJ10/$AH10,0) -> 0.062780269 | AK49: =IFERROR(AK10/$AH10,0) -> 0.04824025 | AL49: =IFERROR(AL10/$AH10,0) -> 0.20437559 | AM49: =IFERROR(AM10/$AH10,0) -> 0.074330751 | AN49: =IFERROR(AN10/$AH10,0) -> 0.060198397 | AO49: =IFERROR(AO10/$AH10,0) -> 0.10925397 | AP49: =IFERROR(AP10/$AH10,0) -> 0.090501427 | AQ49: =IFERROR(AQ10/$AH10,0) -> 0.11849436 | AR49: =IFERROR(AR10/$CA10,0) -> 0.14711756 | AS49: =IFERROR(AS10/$AR10,0) -> 0.015570416 | AT49: =IFERROR(AT10/$AR10,0) -> 0.09961074 | AU49: =IFERROR(AU10/$AR10,0) -> 0.03044216 | AV49: =IFERROR(AV10/$AR10,0) -> 0.16358918 | AW49: =IFERROR(AW10/$AR10,0) -> 0.23635093 | AX49: =IFERROR(AX10/$AR10,0) -> 0.11418305 | AY49: =IFERROR(AY10/$AR10,0) -> 0.10989121 | AZ49: =IFERROR(AZ10/$AR10,0) -> 0.058688492 | BA49: =IFERROR(BA10/$AR10,0) -> 0.17167382 | BB49: =IFERROR(BB10/$CA10,0) -> 0.46146956 | BC49: =IFERROR(BC10/$BB10,0) -> 0.05597098 | BD49: =IFERROR(BD10/$BB10,0) -> 0.10630986 | BE49: =IFERROR(BE10/$BB10,0) -> 0.013873421 | BF49: =IFERROR(BF10/$BB10,0) -> 0.12447895 | BG49: =IFERROR(BG10/$BB10,0) -> 0.16549464 | BH49: =IFERROR(BH10/$BB10,0) -> 0.091450027 | BI49: =IFERROR(BI10/$BB10,0) -> 0.13921151 | BJ49: =IFERROR(BJ10/$BB10,0) -> 0.25338085 | BK49: =IFERROR(BK10/$BB10,0) -> 0.049829764 | BL49: =IFERROR(BL10/$CA10,0) -> 0.15020117 | BM49: =IFERROR(BM10/$BL10,0) -> 0.020138821 | BN49: =IFERROR(BN10/$BL10,0) -> 0.041548538 | BO49: =IFERROR(BO10/$BL10,0) -> 0.030697038 | BP49: =IFERROR(BP10/$BL10,0) -> 0.15123668 | BQ49: =IFERROR(BQ10/$BL10,0) -> 0.054453026 | BR49: =IFERROR(BR10/$BL10,0) -> 0.17225535 | BS49: =IFERROR(BS10/$BL10,0) -> 0.11144784 | BT49: =IFERROR(BT10/$BL10,0) -> 0.4182227 | BU49: =IFERROR(BU10/$CA10,0) -> 0.012642801 | BV49: =IFERROR(BV10/$BU10,0) -> 0.029036005 | BW49: =IFERROR(BW10/$BU10,0) -> 0.0011614402 | BX49: =IFERROR(BX10/$BU10,0) -> 0 | BY49: =IFERROR(BY10/$BU10,0) -> 0.89779326 | BZ49: =IFERROR(BZ10/$BU10,0) -> 0.072009292 | CA49: =B49+M49+P49+Z49+AD49+AH49+AR49+BB49+BL49+BU49 -> 1
A50: =A11 -> Y1995 | B50: =IFERROR(B11/$CA11,0) -> 0.038040532 | C50: =IFERROR(C11/$B11,0) -> 0.035968782 | D50: =IFERROR(D11/$B11,0) -> 0.017305735 | E50: =IFERROR(E11/$B11,0) -> 0.062775704 | F50: =IFERROR(F11/$B11,0) -> 0.20291822 | G50: =IFERROR(G11/$B11,0) -> 0.073973532 | H50: =IFERROR(H11/$B11,0) -> 0.19511367 | I50: =IFERROR(I11/$B11,0) -> 0.029860875 | J50: =IFERROR(J11/$B11,0) -> 0.17814727 | ... L50: =IFERROR(L11/$B11,0) -> 0.16864608 | M50: =IFERROR(M11/$CA11,0) -> 0.0065057442 | N50: =IFERROR(N11/$M11,0) -> 0.6765873 | O50: =IFERROR(O11/$M11,0) -> 0.3234127 | P50: =IFERROR(P11/$CA11,0) -> 0.022537757 | Q50: =IFERROR(Q11/$P11,0) -> 0.00057273769 | R50: =IFERROR(R11/$P11,0) -> 0.075028637 | S50: =IFERROR(S11/$P11,0) -> 0.095074456 | T50: =IFERROR(T11/$P11,0) -> 0.29896907 | U50: =IFERROR(U11/$P11,0) -> 0.11741123 | V50: =IFERROR(V11/$P11,0) -> 0.10423826 | W50: =IFERROR(W11/$P11,0) -> 0.089919817 | X50: =IFERROR(X11/$P11,0) -> 0.10423826 | Y50: =IFERROR(Y11/$P11,0) -> 0.11454754 | Z50: =IFERROR(Z11/$CA11,0) -> 0.050174261 | AA50: =IFERROR(AA11/$Z11,0) -> 0.0036017494 | AB50: =IFERROR(AB11/$Z11,0) -> 0.98353486 | AC50: =IFERROR(AC11/$Z11,0) -> 0.012863391 | AD50: =IFERROR(AD11/$CA11,0) -> 0.0032399639 | AE50: =IFERROR(AE11/$AD11,0) -> 0.0079681275 | AF50: =IFERROR(AF11/$AD11,0) -> 0.90039841 | AG50: =IFERROR(AG11/$AD11,0) -> 0.091633466 | AH50: =IFERROR(AH11/$CA11,0) -> 0.11099781 | AI50: =IFERROR(AI11/$AH11,0) -> 0.21653681 | AJ50: =IFERROR(AJ11/$AH11,0) -> 0.092685196 | AK50: =IFERROR(AK11/$AH11,0) -> 0.043028259 | AL50: =IFERROR(AL11/$AH11,0) -> 0.19665077 | AM50: =IFERROR(AM11/$AH11,0) -> 0.06954297 | AN50: =IFERROR(AN11/$AH11,0) -> 0.067914874 | AO50: =IFERROR(AO11/$AH11,0) -> 0.11396674 | AP50: =IFERROR(AP11/$AH11,0) -> 0.090010466 | AQ50: =IFERROR(AQ11/$AH11,0) -> 0.10966391 | AR50: =IFERROR(AR11/$CA11,0) -> 0.14654705 | AS50: =IFERROR(AS11/$AR11,0) -> 0.014797851 | AT50: =IFERROR(AT11/$AR11,0) -> 0.095481371 | AU50: =IFERROR(AU11/$AR11,0) -> 0.02880296 | AV50: =IFERROR(AV11/$AR11,0) -> 0.18039285 | AW50: =IFERROR(AW11/$AR11,0) -> 0.21280719 | AX50: =IFERROR(AX11/$AR11,0) -> 0.10666784 | AY50: =IFERROR(AY11/$AR11,0) -> 0.12851229 | AZ50: =IFERROR(AZ11/$AR11,0) -> 0.060688805 | BA50: =IFERROR(BA11/$AR11,0) -> 0.17184885 | BB50: =IFERROR(BB11/$CA11,0) -> 0.46976894 | BC50: =IFERROR(BC11/$BB11,0) -> 0.050696563 | BD50: =IFERROR(BD11/$BB11,0) -> 0.10754815 | BE50: =IFERROR(BE11/$BB11,0) -> 0.015332619 | BF50: =IFERROR(BF11/$BB11,0) -> 0.12032534 | BG50: =IFERROR(BG11/$BB11,0) -> 0.16401506 | BH50: =IFERROR(BH11/$BB11,0) -> 0.10122826 | BI50: =IFERROR(BI11/$BB11,0) -> 0.14557745 | BJ50: =IFERROR(BJ11/$BB11,0) -> 0.23172039 | BK50: =IFERROR(BK11/$BB11,0) -> 0.063556178 | BL50: =IFERROR(BL11/$CA11,0) -> 0.14151284 | BM50: =IFERROR(BM11/$BL11,0) -> 0.019885068 | BN50: =IFERROR(BN11/$BL11,0) -> 0.04168567 | BO50: =IFERROR(BO11/$BL11,0) -> 0.032746511 | BP50: =IFERROR(BP11/$BL11,0) -> 0.15534069 | BQ50: =IFERROR(BQ11/$BL11,0) -> 0.051810636 | BR50: =IFERROR(BR11/$BL11,0) -> 0.17212442 | BS50: =IFERROR(BS11/$BL11,0) -> 0.11219557 | BT50: =IFERROR(BT11/$BL11,0) -> 0.41421144 | BU50: =IFERROR(BU11/$CA11,0) -> 0.0106751 | BV50: =IFERROR(BV11/$BU11,0) -> 0.032648126 | BW50: =IFERROR(BW11/$BU11,0) -> 0.0012091898 | BX50: =IFERROR(BX11/$BU11,0) -> 0 | BY50: =IFERROR(BY11/$BU11,0) -> 0.88391778 | BZ50: =IFERROR(BZ11/$BU11,0) -> 0.082224909 | CA50: =B50+M50+P50+Z50+AD50+AH50+AR50+BB50+BL50+BU50 -> 1
A51: =A12 -> Y1996 | B51: =IFERROR(B12/$CA12,0) -> 0.037231668 | C51: =IFERROR(C12/$B12,0) -> 0.031517643 | D51: =IFERROR(D12/$B12,0) -> 0.019184652 | E51: =IFERROR(E12/$B12,0) -> 0.068859198 | F51: =IFERROR(F12/$B12,0) -> 0.20726276 | G51: =IFERROR(G12/$B12,0) -> 0.056526208 | H51: =IFERROR(H12/$B12,0) -> 0.2045221 | I51: =IFERROR(I12/$B12,0) -> 0.029804728 | J51: =IFERROR(J12/$B12,0) -> 0.16581021 | ... L51: =IFERROR(L12/$B12,0) -> 0.18054128 | M51: =IFERROR(M12/$CA12,0) -> 0.006517774 | N51: =IFERROR(N12/$M12,0) -> 0.66731898 | O51: =IFERROR(O12/$M12,0) -> 0.33268102 | P51: =IFERROR(P12/$CA12,0) -> 0.019170674 | Q51: =IFERROR(Q12/$P12,0) -> 0 | R51: =IFERROR(R12/$P12,0) -> 0.066533599 | S51: =IFERROR(S12/$P12,0) -> 0.095808383 | T51: =IFERROR(T12/$P12,0) -> 0.27877578 | U51: =IFERROR(U12/$P12,0) -> 0.10312708 | V51: =IFERROR(V12/$P12,0) -> 0.11044578 | W51: =IFERROR(W12/$P12,0) -> 0.087159015 | X51: =IFERROR(X12/$P12,0) -> 0.11377246 | Y51: =IFERROR(Y12/$P12,0) -> 0.14437791 | Z51: =IFERROR(Z12/$CA12,0) -> 0.062473693 | AA51: =IFERROR(AA12/$Z12,0) -> 0.0030624745 | AB51: =IFERROR(AB12/$Z12,0) -> 0.97999183 | AC51: =IFERROR(AC12/$Z12,0) -> 0.016945692 | AD51: =IFERROR(AD12/$CA12,0) -> 0.003354549 | AE51: =IFERROR(AE12/$AD12,0) -> 0.015209125 | AF51: =IFERROR(AF12/$AD12,0) -> 0.8973384 | AG51: =IFERROR(AG12/$AD12,0) -> 0.087452471 | AH51: =IFERROR(AH12/$CA12,0) -> 0.11578934 | AI51: =IFERROR(AI12/$AH12,0) -> 0.22108394 | AJ51: =IFERROR(AJ12/$AH12,0) -> 0.087574356 | AK51: =IFERROR(AK12/$AH12,0) -> 0.044503195 | AL51: =IFERROR(AL12/$AH12,0) -> 0.21337299 | AM51: =IFERROR(AM12/$AH12,0) -> 0.068627451 | AN51: =IFERROR(AN12/$AH12,0) -> 0.082176691 | AO51: =IFERROR(AO12/$AH12,0) -> 0.095725931 | AP51: =IFERROR(AP12/$AH12,0) -> 0.079202467 | AQ51: =IFERROR(AQ12/$AH12,0) -> 0.10773298 | AR51: =IFERROR(AR12/$CA12,0) -> 0.13532991 | AS51: =IFERROR(AS12/$AR12,0) -> 0.014985862 | AT51: =IFERROR(AT12/$AR12,0) -> 0.10546654 | AU51: =IFERROR(AU12/$AR12,0) -> 0.030065975 | AV51: =IFERROR(AV12/$AR12,0) -> 0.16682375 | AW51: =IFERROR(AW12/$AR12,0) -> 0.21856739 | AX51: =IFERROR(AX12/$AR12,0) -> 0.11385485 | AY51: =IFERROR(AY12/$AR12,0) -> 0.11913289 | AZ51: =IFERROR(AZ12/$AR12,0) -> 0.056644675 | BA51: =IFERROR(BA12/$AR12,0) -> 0.17445806 | BB51: =IFERROR(BB12/$CA12,0) -> 0.46954758 | BC51: =IFERROR(BC12/$BB12,0) -> 0.055333714 | BD51: =IFERROR(BD12/$BB12,0) -> 0.11156385 | BE51: =IFERROR(BE12/$BB12,0) -> 0.016461576 | BF51: =IFERROR(BF12/$BB12,0) -> 0.12405944 | BG51: =IFERROR(BG12/$BB12,0) -> 0.15978051 | BH51: =IFERROR(BH12/$BB12,0) -> 0.10115992 | BI51: =IFERROR(BI12/$BB12,0) -> 0.13853802 | BJ51: =IFERROR(BJ12/$BB12,0) -> 0.22391546 | BK51: =IFERROR(BK12/$BB12,0) -> 0.069187515 | BL51: =IFERROR(BL12/$CA12,0) -> 0.14100585 | BM51: =IFERROR(BM12/$BL12,0) -> 0.020352782 | BN51: =IFERROR(BN12/$BL12,0) -> 0.044776119 | BO51: =IFERROR(BO12/$BL12,0) -> 0.031026685 | BP51: =IFERROR(BP12/$BL12,0) -> 0.16300317 | BQ51: =IFERROR(BQ12/$BL12,0) -> 0.055178652 | BR51: =IFERROR(BR12/$BL12,0) -> 0.17114428 | BS51: =IFERROR(BS12/$BL12,0) -> 0.1122569 | BT51: =IFERROR(BT12/$BL12,0) -> 0.40226142 | BU51: =IFERROR(BU12/$CA12,0) -> 0.0095789595 | BV51: =IFERROR(BV12/$BU12,0) -> 0.041278296 | BW51: =IFERROR(BW12/$BU12,0) -> 0.011984021 | BX51: =IFERROR(BX12/$BU12,0) -> 0 | BY51: =IFERROR(BY12/$BU12,0) -> 0.85619174 | BZ51: =IFERROR(BZ12/$BU12,0) -> 0.090545939 | CA51: =B51+M51+P51+Z51+AD51+AH51+AR51+BB51+BL51+BU51 -> 1
A52: =A13 -> Y1997 | B52: =IFERROR(B13/$CA13,0) -> 0.038263747 | C52: =IFERROR(C13/$B13,0) -> 0.037593985 | D52: =IFERROR(D13/$B13,0) -> 0.021616541 | E52: =IFERROR(E13/$B13,0) -> 0.060463659 | F52: =IFERROR(F13/$B13,0) -> 0.1976817 | G52: =IFERROR(G13/$B13,0) -> 0.063909774 | H52: =IFERROR(H13/$B13,0) -> 0.18483709 | I52: =IFERROR(I13/$B13,0) -> 0.028195489 | J52: =IFERROR(J13/$B13,0) -> 0.18233083 | ... L52: =IFERROR(L13/$B13,0) -> 0.18139098 | M52: =IFERROR(M13/$CA13,0) -> 0.0065211398 | N52: =IFERROR(N13/$M13,0) -> 0.73713235 | O52: =IFERROR(O13/$M13,0) -> 0.26286765 | P52: =IFERROR(P13/$CA13,0) -> 0.018724302 | Q52: =IFERROR(Q13/$P13,0) -> 0.00064020487 | R52: =IFERROR(R13/$P13,0) -> 0.058258643 | S52: =IFERROR(S13/$P13,0) -> 0.083226633 | T52: =IFERROR(T13/$P13,0) -> 0.29577465 | U52: =IFERROR(U13/$P13,0) -> 0.079385403 | V52: =IFERROR(V13/$P13,0) -> 0.095390525 | W52: =IFERROR(W13/$P13,0) -> 0.1056338 | X52: =IFERROR(X13/$P13,0) -> 0.12740077 | Y52: =IFERROR(Y13/$P13,0) -> 0.15428937 | Z52: =IFERROR(Z13/$CA13,0) -> 0.060212656 | AA52: =IFERROR(AA13/$Z13,0) -> 0.0025880948 | AB52: =IFERROR(AB13/$Z13,0) -> 0.97869799 | AC52: =IFERROR(AC13/$Z13,0) -> 0.018713916 | AD52: =IFERROR(AD13/$CA13,0) -> 0.0032365951 | AE52: =IFERROR(AE13/$AD13,0) -> 0.033333333 | AF52: =IFERROR(AF13/$AD13,0) -> 0.88888889 | AG52: =IFERROR(AG13/$AD13,0) -> 0.077777778 | AH52: =IFERROR(AH13/$CA13,0) -> 0.11268146 | AI52: =IFERROR(AI13/$AH13,0) -> 0.22021277 | AJ52: =IFERROR(AJ13/$AH13,0) -> 0.067446809 | AK52: =IFERROR(AK13/$AH13,0) -> 0.045212766 | AL52: =IFERROR(AL13/$AH13,0) -> 0.2356383 | AM52: =IFERROR(AM13/$AH13,0) -> 0.071914894 | AN52: =IFERROR(AN13/$AH13,0) -> 0.070319149 | AO52: =IFERROR(AO13/$AH13,0) -> 0.098510638 | AP52: =IFERROR(AP13/$AH13,0) -> 0.080212766 | AQ52: =IFERROR(AQ13/$AH13,0) -> 0.11053191 | AR52: =IFERROR(AR13/$CA13,0) -> 0.13825056 | AS52: =IFERROR(AS13/$AR13,0) -> 0.013786526 | AT52: =IFERROR(AT13/$AR13,0) -> 0.099106911 | AU52: =IFERROR(AU13/$AR13,0) -> 0.031908437 | AV52: =IFERROR(AV13/$AR13,0) -> 0.15893523 | AW52: =IFERROR(AW13/$AR13,0) -> 0.20679788 | AX52: =IFERROR(AX13/$AR13,0) -> 0.1158415 | AY52: =IFERROR(AY13/$AR13,0) -> 0.1271135 | AZ52: =IFERROR(AZ13/$AR13,0) -> 0.060001734 | BA52: =IFERROR(BA13/$AR13,0) -> 0.18650828 | BB52: =IFERROR(BB13/$CA13,0) -> 0.46384004 | BC52: =IFERROR(BC13/$BB13,0) -> 0.050447098 | BD52: =IFERROR(BD13/$BB13,0) -> 0.1042022 | BE52: =IFERROR(BE13/$BB13,0) -> 0.015402905 | BF52: =IFERROR(BF13/$BB13,0) -> 0.13025275 | BG52: =IFERROR(BG13/$BB13,0) -> 0.16788133 | BH52: =IFERROR(BH13/$BB13,0) -> 0.097276063 | BI52: =IFERROR(BI13/$BB13,0) -> 0.13141572 | BJ52: =IFERROR(BJ13/$BB13,0) -> 0.24784204 | BK52: =IFERROR(BK13/$BB13,0) -> 0.055279888 | BL52: =IFERROR(BL13/$CA13,0) -> 0.14727706 | BM52: =IFERROR(BM13/$BL13,0) -> 0.020999512 | BN52: =IFERROR(BN13/$BL13,0) -> 0.049894189 | BO52: =IFERROR(BO13/$BL13,0) -> 0.029138857 | BP52: =IFERROR(BP13/$BL13,0) -> 0.16677519 | BQ52: =IFERROR(BQ13/$BL13,0) -> 0.053556894 | BR52: =IFERROR(BR13/$BL13,0) -> 0.17401921 | BS52: =IFERROR(BS13/$BL13,0) -> 0.10703239 | BT52: =IFERROR(BT13/$BL13,0) -> 0.39858375 | BU52: =IFERROR(BU13/$CA13,0) -> 0.010992436 | BV52: =IFERROR(BV13/$BU13,0) -> 0.040348964 | BW52: =IFERROR(BW13/$BU13,0) -> 0.0098146129 | BX52: =IFERROR(BX13/$BU13,0) -> 0 | BY52: =IFERROR(BY13/$BU13,0) -> 0.86804798 | BZ52: =IFERROR(BZ13/$BU13,0) -> 0.081788441 | CA52: =B52+M52+P52+Z52+AD52+AH52+AR52+BB52+BL52+BU52 -> 1
A53: =A14 -> Y1998 | B53: =IFERROR(B14/$CA14,0) -> 0.037848729 | C53: =IFERROR(C14/$B14,0) -> 0.032760033 | D53: =IFERROR(D14/$B14,0) -> 0.016107016 | E53: =IFERROR(E14/$B14,0) -> 0.065247065 | F53: =IFERROR(F14/$B14,0) -> 0.1990172 | G53: =IFERROR(G14/$B14,0) -> 0.062790063 | H53: =IFERROR(H14/$B14,0) -> 0.18181818 | I53: =IFERROR(I14/$B14,0) -> 0.028392028 | J53: =IFERROR(J14/$B14,0) -> 0.18509419 | ... L53: =IFERROR(L14/$B14,0) -> 0.18645919 | M53: =IFERROR(M14/$CA14,0) -> 0.0060859682 | N53: =IFERROR(N14/$M14,0) -> 0.73684211 | O53: =IFERROR(O14/$M14,0) -> 0.26315789 | P53: =IFERROR(P14/$CA14,0) -> 0.016780327 | Q53: =IFERROR(Q14/$P14,0) -> 0 | R53: =IFERROR(R14/$P14,0) -> 0.039408867 | S53: =IFERROR(S14/$P14,0) -> 0.072660099 | T53: =IFERROR(T14/$P14,0) -> 0.2955665 | U53: =IFERROR(U14/$P14,0) -> 0.10652709 | V53: =IFERROR(V14/$P14,0) -> 0.085591133 | W53: =IFERROR(W14/$P14,0) -> 0.11761084 | X53: =IFERROR(X14/$P14,0) -> 0.12315271 | Y53: =IFERROR(Y14/$P14,0) -> 0.15948276 | Z53: =IFERROR(Z14/$CA14,0) -> 0.04466832 | AA53: =IFERROR(AA14/$Z14,0) -> 0.0064769836 | AB53: =IFERROR(AB14/$Z14,0) -> 0.97686792 | AC53: =IFERROR(AC14/$Z14,0) -> 0.016655101 | AD53: =IFERROR(AD14/$CA14,0) -> 0.0027691672 | AE53: =IFERROR(AE14/$AD14,0) -> 0.02238806 | AF53: =IFERROR(AF14/$AD14,0) -> 0.8880597 | AG53: =IFERROR(AG14/$AD14,0) -> 0.089552239 | AH53: =IFERROR(AH14/$CA14,0) -> 0.11404216 | AI53: =IFERROR(AI14/$AH14,0) -> 0.20521881 | AJ53: =IFERROR(AJ14/$AH14,0) -> 0.070580774 | AK53: =IFERROR(AK14/$AH14,0) -> 0.042765244 | AL53: =IFERROR(AL14/$AH14,0) -> 0.25758811 | AM53: =IFERROR(AM14/$AH14,0) -> 0.074748573 | AN53: =IFERROR(AN14/$AH14,0) -> 0.070218356 | AO53: =IFERROR(AO14/$AH14,0) -> 0.091510374 | AP53: =IFERROR(AP14/$AH14,0) -> 0.078916372 | AQ53: =IFERROR(AQ14/$AH14,0) -> 0.10845338 | AR53: =IFERROR(AR14/$CA14,0) -> 0.1345216 | AS53: =IFERROR(AS14/$AR14,0) -> 0.010523082 | AT53: =IFERROR(AT14/$AR14,0) -> 0.10123665 | AU53: =IFERROR(AU14/$AR14,0) -> 0.032183731 | AV53: =IFERROR(AV14/$AR14,0) -> 0.16068822 | AW53: =IFERROR(AW14/$AR14,0) -> 0.19970812 | AX53: =IFERROR(AX14/$AR14,0) -> 0.11944082 | AY53: =IFERROR(AY14/$AR14,0) -> 0.1235886 | AZ53: =IFERROR(AZ14/$AR14,0) -> 0.067132652 | BA53: =IFERROR(BA14/$AR14,0) -> 0.18549812 | BB53: =IFERROR(BB14/$CA14,0) -> 0.45808018 | BC53: =IFERROR(BC14/$BB14,0) -> 0.048789841 | BD53: =IFERROR(BD14/$BB14,0) -> 0.10048948 | BE53: =IFERROR(BE14/$BB14,0) -> 0.011977534 | BF53: =IFERROR(BF14/$BB14,0) -> 0.13206866 | BG53: =IFERROR(BG14/$BB14,0) -> 0.15990346 | BH53: =IFERROR(BH14/$BB14,0) -> 0.093384161 | BI53: =IFERROR(BI14/$BB14,0) -> 0.1289333 | BJ53: =IFERROR(BJ14/$BB14,0) -> 0.26445312 | BK53: =IFERROR(BK14/$BB14,0) -> 0.060000451 | BL53: =IFERROR(BL14/$CA14,0) -> 0.15039264 | BM53: =IFERROR(BM14/$BL14,0) -> 0.021229818 | BN53: =IFERROR(BN14/$BL14,0) -> 0.051597389 | BO53: =IFERROR(BO14/$BL14,0) -> 0.024733768 | BP53: =IFERROR(BP14/$BL14,0) -> 0.16619718 | BQ53: =IFERROR(BQ14/$BL14,0) -> 0.053589832 | BR53: =IFERROR(BR14/$BL14,0) -> 0.16880797 | BS53: =IFERROR(BS14/$BL14,0) -> 0.097629681 | BT53: =IFERROR(BT14/$BL14,0) -> 0.41621436 | BU53: =IFERROR(BU14/$CA14,0) -> 0.034810911 | BV53: =IFERROR(BV14/$BU14,0) -> 0.012763431 | BW53: =IFERROR(BW14/$BU14,0) -> 0.0011872959 | BX53: =IFERROR(BX14/$BU14,0) -> 0 | BY53: =IFERROR(BY14/$BU14,0) -> 0.94211932 | BZ53: =IFERROR(BZ14/$BU14,0) -> 0.04392995 | CA53: =B53+M53+P53+Z53+AD53+AH53+AR53+BB53+BL53+BU53 -> 1
A54: =A15 -> Y1999 | B54: =IFERROR(B15/$CA15,0) -> 0.037869683 | C54: =IFERROR(C15/$B15,0) -> 0.03251821 | D54: =IFERROR(D15/$B15,0) -> 0.025494277 | E54: =IFERROR(E15/$B15,0) -> 0.071279917 | F54: =IFERROR(F15/$B15,0) -> 0.20265349 | G54: =IFERROR(G15/$B15,0) -> 0.065816857 | H54: =IFERROR(H15/$B15,0) -> 0.1930281 | I54: =IFERROR(I15/$B15,0) -> 0.027575442 | J54: =IFERROR(J15/$B15,0) -> 0.16389178 | ... L54: =IFERROR(L15/$B15,0) -> 0.18028096 | M54: =IFERROR(M15/$CA15,0) -> 0.0066202983 | N54: =IFERROR(N15/$M15,0) -> 0.73809524 | O54: =IFERROR(O15/$M15,0) -> 0.26190476 | P54: =IFERROR(P15/$CA15,0) -> 0.015969499 | Q54: =IFERROR(Q15/$P15,0) -> 0 | R54: =IFERROR(R15/$P15,0) -> 0.041949414 | S54: =IFERROR(S15/$P15,0) -> 0.064157927 | T54: =IFERROR(T15/$P15,0) -> 0.29981493 | U54: =IFERROR(U15/$P15,0) -> 0.12523134 | V54: =IFERROR(V15/$P15,0) -> 0.085749537 | W54: =IFERROR(W15/$P15,0) -> 0.096853794 | X54: =IFERROR(X15/$P15,0) -> 0.11227637 | Y54: =IFERROR(Y15/$P15,0) -> 0.17396669 | Z54: =IFERROR(Z15/$CA15,0) -> 0.058213308 | AA54: =IFERROR(AA15/$Z15,0) -> 0.0044000677 | AB54: =IFERROR(AB15/$Z15,0) -> 0.98104586 | AC54: =IFERROR(AC15/$Z15,0) -> 0.01455407 | AD54: =IFERROR(AD15/$CA15,0) -> 0.0027978642 | AE54: =IFERROR(AE15/$AD15,0) -> 0.021126761 | AF54: =IFERROR(AF15/$AD15,0) -> 0.85915493 | AG54: =IFERROR(AG15/$AD15,0) -> 0.11971831 | AH54: =IFERROR(AH15/$CA15,0) -> 0.11587492 | AI54: =IFERROR(AI15/$AH15,0) -> 0.217395 | AJ54: =IFERROR(AJ15/$AH15,0) -> 0.056112906 | AK54: =IFERROR(AK15/$AH15,0) -> 0.042509777 | AL54: =IFERROR(AL15/$AH15,0) -> 0.27308281 | AM54: =IFERROR(AM15/$AH15,0) -> 0.075157286 | AN54: =IFERROR(AN15/$AH15,0) -> 0.063424588 | AO54: =IFERROR(AO15/$AH15,0) -> 0.088505356 | AP54: =IFERROR(AP15/$AH15,0) -> 0.076602619 | AQ54: =IFERROR(AQ15/$AH15,0) -> 0.10720966 | AR54: =IFERROR(AR15/$CA15,0) -> 0.12742104 | AS54: =IFERROR(AS15/$AR15,0) -> 0.012293181 | AT54: =IFERROR(AT15/$AR15,0) -> 0.095175506 | AU54: =IFERROR(AU15/$AR15,0) -> 0.039430957 | AV54: =IFERROR(AV15/$AR15,0) -> 0.16901191 | AW54: =IFERROR(AW15/$AR15,0) -> 0.19939694 | AX54: =IFERROR(AX15/$AR15,0) -> 0.12973558 | AY54: =IFERROR(AY15/$AR15,0) -> 0.10924695 | AZ54: =IFERROR(AZ15/$AR15,0) -> 0.061388588 | BA54: =IFERROR(BA15/$AR15,0) -> 0.1843204 | BB54: =IFERROR(BB15/$CA15,0) -> 0.47091798 | BC54: =IFERROR(BC15/$BB15,0) -> 0.049434112 | BD54: =IFERROR(BD15/$BB15,0) -> 0.084998222 | BE54: =IFERROR(BE15/$BB15,0) -> 0.0091211481 | BF54: =IFERROR(BF15/$BB15,0) -> 0.11202695 | BG54: =IFERROR(BG15/$BB15,0) -> 0.15060354 | BH54: =IFERROR(BH15/$BB15,0) -> 0.12357482 | BI54: =IFERROR(BI15/$BB15,0) -> 0.12336562 | BJ54: =IFERROR(BJ15/$BB15,0) -> 0.25884396 | BK54: =IFERROR(BK15/$BB15,0) -> 0.088031631 | BL54: =IFERROR(BL15/$CA15,0) -> 0.14297677 | BM54: =IFERROR(BM15/$BL15,0) -> 0.022393716 | BN54: =IFERROR(BN15/$BL15,0) -> 0.061531041 | BO54: =IFERROR(BO15/$BL15,0) -> 0.026321229 | BP54: =IFERROR(BP15/$BL15,0) -> 0.17728933 | BQ54: =IFERROR(BQ15/$BL15,0) -> 0.053882726 | BR54: =IFERROR(BR15/$BL15,0) -> 0.17184593 | BS54: =IFERROR(BS15/$BL15,0) -> 0.099703714 | BT54: =IFERROR(BT15/$BL15,0) -> 0.38703232 | BU54: =IFERROR(BU15/$CA15,0) -> 0.02133864 | BV54: =IFERROR(BV15/$BU15,0) -> 0.017082179 | BW54: =IFERROR(BW15/$BU15,0) -> 0.0032317636 | BX54: =IFERROR(BX15/$BU15,0) -> 0.0023084026 | BY54: =IFERROR(BY15/$BU15,0) -> 0.92566944 | BZ54: =IFERROR(BZ15/$BU15,0) -> 0.051708218 | CA54: =B54+M54+P54+Z54+AD54+AH54+AR54+BB54+BL54+BU54 -> 1
... A78: =A39 -> Y2023 | B78: =IFERROR(B39/$CA39,0) -> 0.047489997 | C78: =IFERROR(C39/$B39,0) -> 0.010772905 | D78: =IFERROR(D39/$B39,0) -> 0.052594136 | E78: =IFERROR(E39/$B39,0) -> 0.10335891 | F78: =IFERROR(F39/$B39,0) -> 0.11331877 | G78: =IFERROR(G39/$B39,0) -> 0.10859292 | H78: =IFERROR(H39/$B39,0) -> 0.17099446 | I78: =IFERROR(I39/$B39,0) -> 0.031048326 | J78: =IFERROR(J39/$B39,0) -> 0.13120585 | ... L78: =IFERROR(L39/$B39,0) -> 0.20504091 | M78: =IFERROR(M39/$CA39,0) -> 0.0084849245 | N78: =IFERROR(N39/$M39,0) -> 0.83276451 | O78: =IFERROR(O39/$M39,0) -> 0.16723549 | P78: =IFERROR(P39/$CA39,0) -> 0.0094840027 | Q78: =IFERROR(Q39/$P39,0) -> 0.00050890585 | R78: =IFERROR(R39/$P39,0) -> 0.030534351 | S78: =IFERROR(S39/$P39,0) -> 0.03307888 | T78: =IFERROR(T39/$P39,0) -> 0.21399491 | U78: =IFERROR(U39/$P39,0) -> 0.071246819 | V78: =IFERROR(V39/$P39,0) -> 0.030279898 | W78: =IFERROR(W39/$P39,0) -> 0.1216285 | X78: =IFERROR(X39/$P39,0) -> 0.25928753 | Y78: =IFERROR(Y39/$P39,0) -> 0.2394402 | Z78: =IFERROR(Z39/$CA39,0) -> 0.1471589 | AA78: =IFERROR(AA39/$Z39,0) -> 0.0050180387 | AB78: =IFERROR(AB39/$Z39,0) -> 0.99017711 | AC78: =IFERROR(AC39/$Z39,0) -> 0.0048048541 | AD78: =IFERROR(AD39/$CA39,0) -> 0.0023915131 | AE78: =IFERROR(AE39/$AD39,0) -> 0.16347124 | AF78: =IFERROR(AF39/$AD39,0) -> 0.75782038 | AG78: =IFERROR(AG39/$AD39,0) -> 0.078708375 | AH78: =IFERROR(AH39/$CA39,0) -> 0.10336356 | AI78: =IFERROR(AI39/$AH39,0) -> 0.063503922 | AJ78: =IFERROR(AJ39/$AH39,0) -> 0.066072096 | AK78: =IFERROR(AK39/$AH39,0) -> 0.026802391 | AL78: =IFERROR(AL39/$AH39,0) -> 0.39692286 | AM78: =IFERROR(AM39/$AH39,0) -> 0.12065745 | AN78: =IFERROR(AN39/$AH39,0) -> 0.083185469 | AO78: =IFERROR(AO39/$AH39,0) -> 0.063690699 | AP78: =IFERROR(AP39/$AH39,0) -> 0.063083676 | AQ78: =IFERROR(AQ39/$AH39,0) -> 0.11608143 | AR78: =IFERROR(AR39/$CA39,0) -> 0.098088237 | AS78: =IFERROR(AS39/$AR39,0) -> 0.0043300694 | AT78: =IFERROR(AT39/$AR39,0) -> 0.12768784 | AU78: =IFERROR(AU39/$AR39,0) -> 0.042636422 | AV78: =IFERROR(AV39/$AR39,0) -> 0.094154406 | AW78: =IFERROR(AW39/$AR39,0) -> 0.10522561 | AX78: =IFERROR(AX39/$AR39,0) -> 0.11329528 | AY78: =IFERROR(AY39/$AR39,0) -> 0.11676426 | AZ78: =IFERROR(AZ39/$AR39,0) -> 0.10269153 | BA78: =IFERROR(BA39/$AR39,0) -> 0.29321458 | BB78: =IFERROR(BB39/$CA39,0) -> 0.41876578 | BC78: =IFERROR(BC39/$BB39,0) -> 0.042638406 | BD78: =IFERROR(BD39/$BB39,0) -> 0.10557313 | BE78: =IFERROR(BE39/$BB39,0) -> 0.0067481516 | BF78: =IFERROR(BF39/$BB39,0) -> 0.12018164 | BG78: =IFERROR(BG39/$BB39,0) -> 0.0721839 | BH78: =IFERROR(BH39/$BB39,0) -> 0.11643587 | BI78: =IFERROR(BI39/$BB39,0) -> 0.13825355 | BJ78: =IFERROR(BJ39/$BB39,0) -> 0.36343781 | BK78: =IFERROR(BK39/$BB39,0) -> 0.03454754 | BL78: =IFERROR(BL39/$CA39,0) -> 0.13443151 | BM78: =IFERROR(BM39/$BL39,0) -> 0.03518472 | BN78: =IFERROR(BN39/$BL39,0) -> 0.095788604 | BO78: =IFERROR(BO39/$BL39,0) -> 0.040372671 | BP78: =IFERROR(BP39/$BL39,0) -> 0.21837863 | BQ78: =IFERROR(BQ39/$BL39,0) -> 0.051807705 | BR78: =IFERROR(BR39/$BL39,0) -> 0.17971134 | BS78: =IFERROR(BS39/$BL39,0) -> 0.046691559 | BT78: =IFERROR(BT39/$BL39,0) -> 0.33206477 | BU78: =IFERROR(BU39/$CA39,0) -> 0.030341569 | BV78: =IFERROR(BV39/$BU39,0) -> 0.00047721308 | BW78: =IFERROR(BW39/$BU39,0) -> 0.0052493438 | BX78: =IFERROR(BX39/$BU39,0) -> 0.0015111747 | BY78: =IFERROR(BY39/$BU39,0) -> 0.68122167 | BZ78: =IFERROR(BZ39/$BU39,0) -> 0.3115406 | CA78: =B78+M78+P78+Z78+AD78+AH78+AR78+BB78+BL78+BU78 -> 1

Sheet Export_Analytical
A1: Export | B1: 0 Food and live animals ; | C1: 00 Live animals (excl. fish (not marine mammals) crustaceans, molluscs and aquatic invertebrates of SITC Division 03) ; | D1: 01 Meat and meat preparations ; | E1: 02 Dairy products and birds’ eggs ; | F1: 03 Fish (excl. marine mammals) crustaceans, molluscs and aquatic invertebrates, and preparations thereof (excl. extracts and juices of fish, crustaceans, molluscs or other aquatic invertebrates, prepared or preserved of SITC 01710) ; | G1: 04 Cereals and cereal preparations ; | H1: 05 Vegetables and fruit ; | I1: 06 Sugars, sugar preparations and honey ; | J1: 07 Coffee, tea, cocoa, spices, and manufactures thereof ; | K1: 08 Feeding stuff for animals (excl. unmilled cereals) ; | L1: 09 Miscellaneous edible products and preparations ; | M1: 1 Beverages and tobacco ; | N1: 11 Beverages ; | O1: 12 Tobacco and tobacco manufactures ; | P1: 2 Crude materials, inedible, except fuels ; | Q1: 21 Hides, skins and furskins, raw ; | R1: 22 Oil-seeds and oleaginous fruits ; | S1: 23 Crude rubber (incl. synthetic and reclaimed) ; | T1: 24 Cork and wood ; | U1: 25 Pulp and waste paper ; | V1: 26 Textile fibres (excl. wool tops and other combed wool) and their wastes, not manufactured into yarn or fabric ; | W1: 27 Crude fertilizers (excl. those of Division 56) and crude minerals (excl. coal, petroleum and precious stones) ; | X1: 28 Metalliferous ores and metal scrap ; | Y1: 29 Crude animal and vegetable materials, nes ; | Z1: 3 Mineral fuels, lubricants and related materials ; | AA1: 31 Coal, coke and briquettes ; | AB1: 32 Petroleum, petroleum products and related materials ; | AC1: 33 Gas, natural and manufactured ; | AD1: 4 Animal and vegetable oils, fats and waxes ; | AE1: 41 Animal oils and fats ; | AF1: 42 Fixed vegetable fats and oils, crude, refined or fractionated ; | AG1: 43 Animal or vegetable fats and oils, processed; waxes of animal or vegetable origin; inedible mixtures or preparations of animal or vegetable fats or oils, nes ; | AH1: 5 Chemicals and related products, nes ; | AI1: 51 Organic chemicals ; | AJ1: 52 Inorganic chemicals ; | AK1: 53 Dyeing, tanning and colouring materials ; | AL1: 54 Medicinal and pharmaceutical products ; | AM1: 55 Essential oils and resinoids and perfume materials; toilet, polishing and cleansing preparations ; | AN1: 56 Fertilisers (excl. those of group 272) ; | AO1: 57 Plastics in primary forms ; | AP1: 58 Plastics in non-primary forms ; | AQ1: 59 Chemical materials and products, nes ; | AR1: 6 Manufactured goods classified chiefly by material ; | AS1: 61 Leather, leather manufactures, nes, and dressed furskins ; | AT1: 62 Rubber manufactures, nes ; | AU1: 63 Cork and wood manufactures (excl. furniture) ; | AV1: 64 Paper, paperboard and articles of paper pulp, of paper or of paperboard ; | AW1: 65 Textile yarn, fabrics, made-up articles nes, and related products ; | AX1: 66 Non-metallic mineral manufactures, nes ; | AY1: 67 Iron and steel ; | AZ1: 68 Non-ferrous metals ; | BA1: 69 Manufactures of metals, nes ; | BB1: 7 Machinery and transport equipment ; | BC1: 71 Power generating machinery and equipment ; | BD1: 72 Machinery specialized for particular industries ; | BE1: 73 Metalworking machinery ; | BF1: 74 General industrial machinery and equipment, nes, and machine parts, nes ; | BG1: 75 Office machines and automatic data processing machines ; | BH1: 76 Telecommunications and sound recording and reproducing apparatus and equipment ; | BI1: 77 Electrical machinery, apparatus and appliances, nes, and electrical parts thereof (incl. non electrical counterparts, nes, of electrical household type equipment) ; | BJ1: 78 Road vehicles (incl. air-cushion vehicles) ; | BK1: 79 Transport equipment (excl. road vehicles) ; | BL1: 8 Miscellaneous manufactured articles ; | BM1: 81 Prefabricated buildings and sanitary, plumbing, heating and lighting fixtures and fittings, nes ; | BN1: 82 Furniture and parts thereof; bedding, mattresses, mattress supports, cushions and similar stuffed furnishings ; | BO1: 83 Travel goods, handbags and similar containers ; | BP1: 84 Articles of apparel and clothing accessories ; | BQ1: 85 Footwear ; | BR1: 87 Professional, scientific and controlling instruments and apparatus, nes ; | BS1: 88 Photographic apparatus, equipment and supplies and optical goods, nes; watches and clocks ; | BT1: 89 Miscellaneous manufactured articles, nes ; | BU1: 9 Commodities and transactions not classified elsewhere in the SITC ; | BV1: 91 Special transactions and commodities not classified according to kind ; | BW1: 92 Gold coin whether or not legal tender, and other coin being legal tender ; | BX1: 93 Coin (excl. gold coin) not being legal tender ; | BY1: 94 Gold, non-monetary (excl. gold ores and concentrates) ; | BZ1: 95 Combined confidential items excluding some of SITC 28099 (exports only) and some of SITC 51099 (imports only) ; | CA1: -1 TOTAL ;
A2: Unit | B2: $ Millions | C2: $ Millions | D2: $ Millions | E2: $ Millions | F2: $ Millions | G2: $ Millions | H2: $ Millions | I2: $ Millions | J2: $ Millions | K2: $ Millions | L2: $ Millions | M2: $ Millions | N2: $ Millions | O2: $ Millions | P2: $ Millions | Q2: $ Millions | R2: $ Millions | S2: $ Millions | T2: $ Millions | U2: $ Millions | V2: $ Millions | W2: $ Millions | X2: $ Millions | Y2: $ Millions | Z2: $ Millions | AA2: $ Millions | AB2: $ Millions | AC2: $ Millions | AD2: $ Millions | AE2: $ Millions | AF2: $ Millions | AG2: $ Millions | AH2: $ Millions | AI2: $ Millions | AJ2: $ Millions | AK2: $ Millions | AL2: $ Millions | AM2: $ Millions | AN2: $ Millions | AO2: $ Millions | AP2: $ Millions | AQ2: $ Millions | AR2: $ Millions | AS2: $ Millions | AT2: $ Millions | AU2: $ Millions | AV2: $ Millions | AW2: $ Millions | AX2: $ Millions | AY2: $ Millions | AZ2: $ Millions | BA2: $ Millions | BB2: $ Millions | BC2: $ Millions | BD2: $ Millions | BE2: $ Millions | BF2: $ Millions | BG2: $ Millions | BH2: $ Millions | BI2: $ Millions | BJ2: $ Millions | BK2: $ Millions | BL2: $ Millions | BM2: $ Millions | BN2: $ Millions | BO2: $ Millions | BP2: $ Millions | BQ2: $ Millions | BR2: $ Millions | BS2: $ Millions | BT2: $ Millions | BU2: $ Millions | BV2: $ Millions | BW2: $ Millions | BX2: $ Millions | BY2: $ Millions | BZ2: $ Millions | CA2: $ Millions
A3: Series ID | B3: A1827804K | C3: A1827805L | D3: A1827806R | E3: A1827807T | F3: A1827808V | G3: A1827809W | H3: A1827810F | I3: A1827811J | J3: A1827812K | K3: A1827813L | L3: A1827814R | M3: A1827815T | N3: A1827816V | O3: A1827817W | P3: A1827818X | Q3: A1827819A | R3: A1827820K | S3: A1827821L | T3: A1827822R | U3: A1827823T | V3: A1827824V | W3: A1827825W | X3: A1827826X | Y3: A1827827A | Z3: A1827828C | AA3: A1827829F | AB3: A1827830R | AC3: A1827831T | AD3: A1827832V | AE3: A1827833W | AF3: A1827834X | AG3: A1827835A | AH3: A1827836C | AI3: A1827837F | AJ3: A1827838J | AK3: A1827839K | AL3: A1827840V | AM3: A1827841W | AN3: A1827842X | AO3: A1827843A | AP3: A1827844C | AQ3: A1827845F | AR3: A1827846J | AS3: A1827847K | AT3: A1827848L | AU3: A1827849R | AV3: A1827850X | AW3: A1827851A | AX3: A1827852C | AY3: A1827853F | AZ3: A1827854J | BA3: A1827855K | BB3: A1827856L | BC3: A1827857R | BD3: A1827858T | BE3: A1827859V | BF3: A1827860C | BG3: A1827861F | BH3: A1827862J | BI3: A1827863K | BJ3: A1827864L | BK3: A1827865R | BL3: A1827866T | BM3: A1827867V | BN3: A1827868W | BO3: A1827869X | BP3: A1827870J | BQ3: A1827871K | BR3: A1827872L | BS3: A1827873R | BT3: A1827874T | BU3: A1827875V | BV3: A1827876W | BW3: A1827877X | BX3: A1827878A | BY3: A1827879C | BZ3: A1827880L | CA3: A1827881R
A4: ='Export-dataset'!A5 -> Y1989 | B4: =IFERROR('Export-dataset'!B5/'Export-dataset'!B4,0) -> 1.2004302 | C4: =IFERROR('Export-dataset'!C5/'Export-dataset'!C4,0) -> 0.75776398 | D4: =IFERROR('Export-dataset'!D5/'Export-dataset'!D4,0) -> 1.0891457 | E4: =IFERROR('Export-dataset'!E5/'Export-dataset'!E4,0) -> 1.289225 | F4: =IFERROR('Export-dataset'!F5/'Export-dataset'!F4,0) -> 0.97435897 | G4: =IFERROR('Export-dataset'!G5/'Export-dataset'!G4,0) -> 1.5475616 | H4: =IFERROR('Export-dataset'!H5/'Export-dataset'!H4,0) -> 0.85099338 | I4: =IFERROR('Export-dataset'!I5/'Export-dataset'!I4,0) -> 1.3131548 | ... CA4: =IFERROR('Export-dataset'!CA5/'Export-dataset'!CA4,0) -> 1.1093827
A5: ='Export-dataset'!A6 -> Y1990 | B5: =IFERROR('Export-dataset'!B6/'Export-dataset'!B5,0) -> 1.0251924 | C5: =IFERROR('Export-dataset'!C6/'Export-dataset'!C5,0) -> 0.66803279 | D5: =IFERROR('Export-dataset'!D6/'Export-dataset'!D5,0) -> 1.1708981 | E5: =IFERROR('Export-dataset'!E6/'Export-dataset'!E5,0) -> 0.99120235 | F5: =IFERROR('Export-dataset'!F6/'Export-dataset'!F5,0) -> 1.0464396 | G5: =IFERROR('Export-dataset'!G6/'Export-dataset'!G5,0) -> 0.94040562 | H5: =IFERROR('Export-dataset'!H6/'Export-dataset'!H5,0) -> 1.1303502 | I5: =IFERROR('Export-dataset'!I6/'Export-dataset'!I5,0) -> 0.97606383 | ... CA5: =IFERROR('Export-dataset'!CA6/'Export-dataset'!CA5,0) -> 1.0828316
A6: ='Export-dataset'!A7 -> Y1991 | B6: =IFERROR('Export-dataset'!B7/'Export-dataset'!B6,0) -> 0.95733087 | C6: =IFERROR('Export-dataset'!C7/'Export-dataset'!C6,0) -> 1.1165644 | D6: =IFERROR('Export-dataset'!D7/'Export-dataset'!D6,0) -> 1.0482201 | E6: =IFERROR('Export-dataset'!E7/'Export-dataset'!E6,0) -> 1.1730769 | F6: =IFERROR('Export-dataset'!F7/'Export-dataset'!F6,0) -> 1.0931953 | G6: =IFERROR('Export-dataset'!G7/'Export-dataset'!G6,0) -> 0.79993364 | H6: =IFERROR('Export-dataset'!H7/'Export-dataset'!H6,0) -> 1.1204819 | I6: =IFERROR('Export-dataset'!I7/'Export-dataset'!I6,0) -> 0.69482289 | ... CA6: =IFERROR('Export-dataset'!CA7/'Export-dataset'!CA6,0) -> 1.0552739
A7: ='Export-dataset'!A8 -> Y1992 | B7: =IFERROR('Export-dataset'!B8/'Export-dataset'!B7,0) -> 1.1368274 | C7: =IFERROR('Export-dataset'!C8/'Export-dataset'!C7,0) -> 1.2417582 | D7: =IFERROR('Export-dataset'!D8/'Export-dataset'!D7,0) -> 1.132757 | E7: =IFERROR('Export-dataset'!E8/'Export-dataset'!E7,0) -> 1.2068096 | F7: =IFERROR('Export-dataset'!F8/'Export-dataset'!F7,0) -> 1.2354533 | G7: =IFERROR('Export-dataset'!G8/'Export-dataset'!G7,0) -> 1.0157611 | H7: =IFERROR('Export-dataset'!H8/'Export-dataset'!H7,0) -> 1.2672811 | I7: =IFERROR('Export-dataset'!I8/'Export-dataset'!I7,0) -> 1.1607843 | ... CA7: =IFERROR('Export-dataset'!CA8/'Export-dataset'!CA7,0) -> 1.0869007
A8: ='Export-dataset'!A9 -> Y1993 | B8: =IFERROR('Export-dataset'!B9/'Export-dataset'!B8,0) -> 1.1747756 | C8: =IFERROR('Export-dataset'!C9/'Export-dataset'!C8,0) -> 1.2787611 | D8: =IFERROR('Export-dataset'!D9/'Export-dataset'!D8,0) -> 1.0787681 | E8: =IFERROR('Export-dataset'!E9/'Export-dataset'!E8,0) -> 1.2215256 | F8: =IFERROR('Export-dataset'!F9/'Export-dataset'!F8,0) -> 1.1588171 | G8: =IFERROR('Export-dataset'!G9/'Export-dataset'!G8,0) -> 1.2666394 | H8: =IFERROR('Export-dataset'!H9/'Export-dataset'!H8,0) -> 1.1054545 | I8: =IFERROR('Export-dataset'!I9/'Export-dataset'!I8,0) -> 1.3626126 | ... CA8: =IFERROR('Export-dataset'!CA9/'Export-dataset'!CA8,0) -> 1.0749846
A9: ='Export-dataset'!A10 -> Y1994 | B9: =IFERROR('Export-dataset'!B10/'Export-dataset'!B9,0) -> 1.077121 | C9: =IFERROR('Export-dataset'!C10/'Export-dataset'!C9,0) -> 1.2422145 | D9: =IFERROR('Export-dataset'!D10/'Export-dataset'!D9,0) -> 0.9598282 | E9: =IFERROR('Export-dataset'!E10/'Export-dataset'!E9,0) -> 1.2172797 | F9: =IFERROR('Export-dataset'!F10/'Export-dataset'!F9,0) -> 1.0321361 | G9: =IFERROR('Export-dataset'!G10/'Export-dataset'!G9,0) -> 1.0767247 | H9: =IFERROR('Export-dataset'!H10/'Export-dataset'!H9,0) -> 1.0153509 | I9: =IFERROR('Export-dataset'!I10/'Export-dataset'!I9,0) -> 1.3818182 | ... CA9: =IFERROR('Export-dataset'!CA10/'Export-dataset'!CA9,0) -> 1.0320802
A10: ='Export-dataset'!A11 -> Y1995 | B10: =IFERROR('Export-dataset'!B11/'Export-dataset'!B10,0) -> 0.97603405 | C10: =IFERROR('Export-dataset'!C11/'Export-dataset'!C10,0) -> 1.6044568 | D10: =IFERROR('Export-dataset'!D11/'Export-dataset'!D10,0) -> 0.93156094 | E10: =IFERROR('Export-dataset'!E11/'Export-dataset'!E10,0) -> 1.0505973 | F10: =IFERROR('Export-dataset'!F11/'Export-dataset'!F10,0) -> 1.0622711 | G10: =IFERROR('Export-dataset'!G11/'Export-dataset'!G10,0) -> 0.80508982 | H10: =IFERROR('Export-dataset'!H11/'Export-dataset'!H10,0) -> 0.99460043 | I10: =IFERROR('Export-dataset'!I11/'Export-dataset'!I10,0) -> 1.1226077 | ... CA10: =IFERROR('Export-dataset'!CA11/'Export-dataset'!CA10,0) -> 1.1068991
A11: ='Export-dataset'!A12 -> Y1996 | B11: =IFERROR('Export-dataset'!B12/'Export-dataset'!B11,0) -> 1.2089038 | C11: =IFERROR('Export-dataset'!C12/'Export-dataset'!C11,0) -> 1.1440972 | D11: =IFERROR('Export-dataset'!D12/'Export-dataset'!D11,0) -> 0.81717999 | E11: =IFERROR('Export-dataset'!E12/'Export-dataset'!E11,0) -> 1.1772575 | F11: =IFERROR('Export-dataset'!F12/'Export-dataset'!F11,0) -> 0.90517241 | G11: =IFERROR('Export-dataset'!G12/'Export-dataset'!G11,0) -> 2.1424321 | H11: =IFERROR('Export-dataset'!H12/'Export-dataset'!H11,0) -> 1.1769815 | I11: =IFERROR('Export-dataset'!I12/'Export-dataset'!I11,0) -> 0.87852957 | ... CA11: =IFERROR('Export-dataset'!CA12/'Export-dataset'!CA11,0) -> 1.0740183
A12: ='Export-dataset'!A13 -> Y1997 | B12: =IFERROR('Export-dataset'!B13/'Export-dataset'!B12,0) -> 1.0881422 | C12: =IFERROR('Export-dataset'!C13/'Export-dataset'!C12,0) -> 1.1274659 | D12: =IFERROR('Export-dataset'!D13/'Export-dataset'!D12,0) -> 1.1901798 | E12: =IFERROR('Export-dataset'!E13/'Export-dataset'!E12,0) -> 1.0420455 | F12: =IFERROR('Export-dataset'!F13/'Export-dataset'!F12,0) -> 1.1457143 | G12: =IFERROR('Export-dataset'!G13/'Export-dataset'!G12,0) -> 1.0487763 | H12: =IFERROR('Export-dataset'!H13/'Export-dataset'!H12,0) -> 1.0664207 | I12: =IFERROR('Export-dataset'!I13/'Export-dataset'!I12,0) -> 1.0448757 | ... CA12: =IFERROR('Export-dataset'!CA13/'Export-dataset'!CA12,0) -> 1.1010378
A13: ='Export-dataset'!A14 -> Y1998 | B13: =IFERROR('Export-dataset'!B14/'Export-dataset'!B13,0) -> 0.88108391 | C13: =IFERROR('Export-dataset'!C14/'Export-dataset'!C13,0) -> 0.76312248 | D13: =IFERROR('Export-dataset'!D14/'Export-dataset'!D13,0) -> 1.136258 | E13: =IFERROR('Export-dataset'!E14/'Export-dataset'!E13,0) -> 1.1679389 | F13: =IFERROR('Export-dataset'!F14/'Export-dataset'!F13,0) -> 0.97921862 | G13: =IFERROR('Export-dataset'!G14/'Export-dataset'!G13,0) -> 0.83035419 | H13: =IFERROR('Export-dataset'!H14/'Export-dataset'!H13,0) -> 0.98183391 | I13: =IFERROR('Export-dataset'!I14/'Export-dataset'!I13,0) -> 0.10446895 | ... CA13: =IFERROR('Export-dataset'!CA14/'Export-dataset'!CA13,0) -> 1.0497464
A14: ='Export-dataset'!A15 -> Y1999 | B14: =IFERROR('Export-dataset'!B15/'Export-dataset'!B14,0) -> 1.0479145 | C14: =IFERROR('Export-dataset'!C15/'Export-dataset'!C14,0) -> 1.2310406 | D14: =IFERROR('Export-dataset'!D15/'Export-dataset'!D14,0) -> 1.0644336 | E14: =IFERROR('Export-dataset'!E15/'Export-dataset'!E14,0) -> 1.0312792 | F14: =IFERROR('Export-dataset'!F15/'Export-dataset'!F14,0) -> 1.1774194 | G14: =IFERROR('Export-dataset'!G15/'Export-dataset'!G14,0) -> 0.97309149 | H14: =IFERROR('Export-dataset'!H15/'Export-dataset'!H14,0) -> 1.0502203 | I14: =IFERROR('Export-dataset'!I15/'Export-dataset'!I14,0) -> 0.91111111 | ... CA14: =IFERROR('Export-dataset'!CA15/'Export-dataset'!CA14,0) -> 0.97654714
A15: ='Export-dataset'!A16 -> Y2000 | B15: =IFERROR('Export-dataset'!B16/'Export-dataset'!B15,0) -> 1.1949868 | C15: =IFERROR('Export-dataset'!C16/'Export-dataset'!C15,0) -> 1.1432665 | D15: =IFERROR('Export-dataset'!D16/'Export-dataset'!D15,0) -> 1.210185 | E15: =IFERROR('Export-dataset'!E16/'Export-dataset'!E15,0) -> 1.2331372 | F15: =IFERROR('Export-dataset'!F16/'Export-dataset'!F15,0) -> 1.2184571 | G15: =IFERROR('Export-dataset'!G16/'Export-dataset'!G15,0) -> 1.1073331 | H15: =IFERROR('Export-dataset'!H16/'Export-dataset'!H15,0) -> 1.2248322 | I15: =IFERROR('Export-dataset'!I16/'Export-dataset'!I15,0) -> 1.2743902 | ... CA15: =IFERROR('Export-dataset'!CA16/'Export-dataset'!CA15,0) -> 1.2700575
... A38: ='Export-dataset'!A39 -> Y2023 | B38: =IFERROR('Export-dataset'!B39/'Export-dataset'!B38,0) -> 1.0339395 | C38: =IFERROR('Export-dataset'!C39/'Export-dataset'!C38,0) -> 0.81620553 | D38: =IFERROR('Export-dataset'!D39/'Export-dataset'!D38,0) -> 1.0789157 | E38: =IFERROR('Export-dataset'!E39/'Export-dataset'!E38,0) -> 0.88921713 | F38: =IFERROR('Export-dataset'!F39/'Export-dataset'!F38,0) -> 1.1211618 | G38: =IFERROR('Export-dataset'!G39/'Export-dataset'!G38,0) -> 0.99859714 | H38: =IFERROR('Export-dataset'!H39/'Export-dataset'!H38,0) -> 1.1766461 | I38: =IFERROR('Export-dataset'!I39/'Export-dataset'!I38,0) -> 0.91588785 | ... CA38: =IFERROR('Export-dataset'!CA39/'Export-dataset'!CA38,0) -> 0.93926377

Sheet Import_Analytical
